11,3,10,13,8,15,7,9,1,6,5,14,2,4,12,0,
11,3,10,13,8,15,7,9,1,6,5,14,2,4,12,0,
11,3,10,13,8,15,7,9,1,6,5,14,2,4,12,0,
11,3,10,13,8,15,7,9,1,6,5,14,2,4,12,0,
11,3,10,13,8,15,7,9,1,6,5,14,2,4,12,0,
11,3,10,13,8,15,7,9,1,6,5,14,2,4,12,0,
11,3,10,13,8,15,7,9,1,6,5,14,2,4,12,0,
11,3,10,13,8,15,7,9,1,6,5,14,2,4,12,0,
11,3,10,13,8,15,7,9,1,6,5,14,2,4,12,0,
11,3,10,13,8,15,7,9,1,6,5,14,2,4,12,0,
11,3,10,13,8,15,7,9,1,6,5,14,2,4,12,0,
11,3,10,13,8,15,7,9,1,6,5,14,2,4,12,0,
11,3,10,13,8,15,7,9,1,6,5,14,2,4,12,0,
11,3,10,13,8,15,7,9,1,6,5,14,2,4,12,0,
11,3,10,13,8,15,7,9,1,6,5,14,2,4,12,0,
11,3,10,13,8,15,7,9,1,6,5,14,2,4,12,0,
11,3,10,13,8,15,7,9,1,6,5,14,2,4,12,0,
11,3,10,13,8,15,7,9,1,6,5,14,2,4,12,0,
11,3,10,13,8,15,7,9,1,6,5,14,2,4,12,0,
11,3,10,13,8,15,7,9,1,6,5,14,2,4,12,0,
11,3,10,13,8,15,7,9,1,6,5,14,2,4,12,0,
11,3,10,13,8,15,7,9,1,6,5,14,2,4,12,0,
11,3,10,13,8,15,7,9,1,6,5,14,2,4,12,0,
11,3,10,13,8,15,7,9,1,6,5,14,2,4,12,0,
11,3,10,13,8,15,7,9,1,6,5,14,2,4,12,0,
11,3,10,13,8,15,7,9,1,6,5,14,2,4,12,0,
11,3,10,13,8,15,7,9,1,6,5,14,2,4,12,0,
11,3,10,13,8,15,7,9,1,6,5,14,2,4,12,0,
11,3,10,13,8,15,7,9,1,6,5,14,2,4,12,0,
11,3,10,13,8,15,7,9,1,6,5,14,2,4,12,0,
11,3,10,13,8,15,7,9,1,6,5,14,2,4,12,0,
11,3,10,13,8,15,7,9,1,6,5,14,2,4,12,0,
11,3,10,13,8,15,7,9,1,6,5,14,2,4,12,0,
11,3,10,13,8,15,7,9,1,6,5,14,2,4,12,0,
11,3,10,13,8,15,7,9,1,6,5,14,2,4,12,0,
11,3,10,13,8,15,7,9,1,6,5,14,2,4,12,0,
11,3,10,13,8,15,7,9,1,6,5,14,2,4,12,0,
11,3,10,13,8,15,7,9,1,6,5,14,2,4,12,0,
11,3,10,13,8,15,12,9,1,6,5,14,2,4,7,0,
11,3,10,13,8,15,7,9,1,6,5,14,2,4,12,0,
11,3,10,13,8,15,7,9,1,6,5,14,2,4,12,0,
11,3,10,13,8,15,7,9,1,6,5,14,2,4,12,0,
11,3,10,13,8,15,7,9,1,6,5,14,2,4,12,0,
11,3,10,13,8,15,7,9,1,6,5,14,2,4,12,0,
11,3,10,13,8,15,7,9,1,6,5,14,2,4,12,0,
11,3,10,13,8,15,7,9,1,6,5,14,2,4,12,0,
11,3,10,13,8,15,7,9,1,6,5,14,2,4,12,0,
11,3,10,13,8,15,7,9,1,6,5,14,2,4,12,0,
11,3,10,13,8,15,7,9,1,6,5,14,2,4,12,0,
11,3,10,13,8,15,7,9,1,6,5,14,2,4,12,0,
11,3,10,13,8,15,7,9,1,6,5,14,2,4,12,0,
11,3,10,13,8,15,7,9,1,6,5,14,2,4,12,0,
11,3,10,13,8,15,7,9,1,6,5,14,2,4,12,0,
11,3,10,13,8,15,7,9,1,6,5,14,2,4,12,0,
11,3,10,13,8,15,7,9,1,6,5,14,2,4,12,0,
11,3,10,13,8,15,7,9,1,6,5,14,2,4,12,0,
11,3,10,13,8,15,7,9,1,6,5,14,2,4,12,0,
11,3,10,13,8,15,7,9,1,6,5,14,2,4,12,0,
11,3,10,13,8,15,7,9,1,6,5,14,2,4,12,0,
11,3,10,13,8,15,7,9,1,6,5,14,2,4,12,0,
11,3,10,13,8,15,7,9,1,6,5,14,2,4,12,0,
11,3,10,13,8,15,7,9,1,6,5,14,2,4,12,0,
11,3,10,13,8,15,7,9,1,6,5,14,2,4,12,0,
11,3,10,13,8,15,7,9,1,6,5,14,2,4,12,0,
11,3,10,13,8,15,7,9,1,6,5,14,2,4,12,0,
11,3,10,13,8,15,7,9,1,6,5,14,2,4,12,0,
11,3,10,13,8,15,7,9,1,6,5,14,2,4,12,0,
11,3,10,13,8,15,7,9,1,6,5,14,2,4,12,0,
11,3,10,13,8,15,7,9,1,6,5,14,2,4,12,0,
11,3,10,13,8,15,7,9,1,6,5,14,2,4,12,0,
11,3,10,13,8,15,7,9,1,6,5,14,2,4,12,0,
11,3,10,13,8,15,7,9,1,6,5,14,2,4,12,0,
11,3,10,13,8,15,7,9,1,6,5,14,2,4,12,0,
11,3,10,13,8,15,7,9,1,6,5,14,2,4,12,0,
11,3,10,13,8,15,7,9,1,6,5,14,2,4,12,0,
11,3,10,13,8,15,7,9,1,6,5,14,2,4,12,0,
11,3,10,13,8,15,7,9,1,6,5,14,2,4,12,0,
11,3,10,13,8,15,7,9,1,6,5,14,2,4,12,0,
11,3,10,13,8,15,7,9,1,6,5,14,2,4,12,0,
11,3,10,13,8,15,7,9,1,6,5,14,2,4,12,0,
11,3,10,13,8,15,7,9,1,6,5,14,2,4,12,0,
11,3,10,13,8,15,7,9,1,6,5,14,2,4,12,0,
11,3,10,13,8,15,7,9,1,6,5,14,2,4,12,0,
11,3,10,13,8,15,7,9,1,6,5,14,2,4,12,0,
11,3,10,13,8,15,7,9,1,6,5,14,2,4,12,0,
11,3,10,13,8,15,7,9,1,6,5,14,2,4,12,0,
11,3,10,13,8,15,7,9,1,6,5,14,2,4,12,0,
11,3,10,13,8,15,7,9,1,6,5,14,2,4,12,0,
11,3,10,13,8,15,7,9,1,6,5,14,2,4,12,0,
11,3,10,13,8,15,7,9,1,6,5,14,2,4,12,0,
11,3,10,13,8,15,7,9,1,6,5,14,2,4,12,0,
11,3,10,13,8,15,7,9,1,6,5,14,2,4,12,0,
11,3,10,13,8,15,7,9,1,6,5,14,2,4,12,0,
11,3,10,13,8,15,7,9,1,6,5,14,2,4,12,0,
11,3,10,13,8,15,7,9,1,6,5,14,2,4,12,0,
11,3,10,13,8,15,7,9,1,6,5,14,2,4,12,0,
11,3,10,13,8,15,7,9,1,6,5,14,2,4,12,0,
11,3,10,13,8,15,7,9,1,6,5,14,2,4,12,0,
11,3,10,13,8,15,7,9,1,6,5,14,2,4,12,0,
11,3,10,13,8,15,7,9,1,6,5,14,2,4,12,0,
11,3,10,13,8,15,7,9,1,6,5,14,2,4,12,0,
11,3,10,13,8,15,7,9,1,6,5,14,2,4,12,0,
11,3,10,13,8,15,7,9,1,6,5,14,2,4,12,0,
11,3,10,13,8,15,7,9,1,6,5,14,2,4,12,0,
11,3,10,13,8,15,7,9,1,6,5,14,2,4,12,0,
11,3,10,13,8,15,7,9,1,6,5,14,2,4,12,0,
11,3,10,13,8,15,7,9,1,6,5,14,2,4,12,0,
11,3,10,13,8,15,7,9,1,6,5,14,2,4,12,0,
11,3,10,13,8,15,7,9,1,6,5,14,2,4,12,0,
11,3,10,13,8,15,7,9,1,6,5,14,2,4,12,0,
11,3,10,13,8,15,7,9,1,6,5,14,2,4,12,0,
11,3,10,13,8,15,7,9,1,6,5,14,2,4,12,0,
11,3,10,13,8,15,7,9,1,6,5,14,2,4,12,0,
11,3,10,13,8,15,7,9,1,6,5,14,2,4,12,0,
11,3,10,13,8,15,7,9,1,6,5,14,2,4,12,0,
11,3,10,13,8,15,7,9,1,6,5,14,2,4,12,0,
11,3,10,13,8,15,7,9,1,6,5,14,2,4,12,0,
11,3,10,13,8,15,7,9,1,6,5,14,2,4,12,0,
11,3,10,13,8,15,7,9,1,6,5,14,2,4,12,0,
11,3,10,13,8,15,7,9,1,6,5,14,2,4,12,0,
11,3,10,13,8,15,7,9,1,6,5,14,2,4,12,0,
11,3,10,13,8,15,7,9,1,6,5,14,2,4,12,0,
11,3,10,13,8,15,7,9,1,6,5,14,2,4,12,0,
11,3,10,13,8,15,7,9,1,6,5,14,2,4,12,0,
11,3,10,0,8,15,7,9,1,6,5,14,2,4,12,13,
11,3,10,13,8,15,7,9,1,6,5,14,2,4,12,0,
11,3,10,13,8,15,7,9,1,6,5,14,2,4,12,0,
11,3,10,13,8,15,7,9,1,6,5,14,2,4,12,0,
11,3,10,13,8,15,7,9,1,6,5,14,2,4,12,0,
11,3,10,13,8,15,7,9,1,6,5,14,2,4,12,0,
11,3,10,13,8,15,7,9,1,6,5,14,2,4,12,0,
11,3,10,13,8,15,7,9,1,6,5,14,2,4,12,0,
11,3,10,13,8,15,7,9,1,6,5,14,2,4,12,0,
11,3,10,13,8,15,7,9,1,6,5,14,2,4,12,0,
11,3,10,13,8,15,7,9,1,6,5,14,2,4,12,0,
11,3,10,13,8,15,7,9,1,6,5,14,2,4,12,0,
11,3,10,13,8,15,7,9,1,6,5,14,2,4,12,0,
11,3,10,13,8,15,7,9,1,6,5,14,2,4,12,0,
11,3,10,13,8,15,7,9,1,6,5,14,2,4,12,0,
11,3,10,13,8,15,7,9,1,6,5,14,2,4,12,0,
11,3,10,13,8,15,7,9,1,6,5,14,2,4,12,0,
11,3,10,13,8,15,7,9,1,6,5,14,2,4,12,0,
11,3,10,13,8,15,7,9,1,6,5,14,2,4,12,0,
11,3,10,13,8,15,7,9,1,6,5,14,2,4,12,0,
11,3,10,13,8,15,7,9,1,6,5,14,2,4,12,0,
11,3,10,13,8,15,7,9,1,6,5,14,2,4,12,0,
11,3,10,13,8,15,7,9,1,6,5,14,2,4,12,0,
11,3,10,13,8,15,7,9,1,6,5,14,2,4,12,0,
11,3,10,13,8,15,7,9,1,6,5,14,2,4,12,0,
11,3,10,13,8,15,7,9,1,6,5,14,2,4,12,0,
11,3,10,13,8,15,7,9,1,6,5,14,2,4,12,0,
11,3,10,13,8,15,7,9,1,6,5,14,2,4,12,0,
11,3,10,13,8,15,7,9,1,6,5,14,2,4,12,0,
11,3,10,13,8,15,7,9,1,6,5,14,2,4,12,0,
11,3,10,13,8,15,7,9,1,6,5,14,2,4,12,0,
11,3,10,13,8,15,7,9,1,6,5,14,2,4,12,0,
11,3,10,13,8,15,7,9,1,6,5,14,2,4,12,0,
11,3,10,13,8,15,7,9,1,6,5,14,2,4,12,0,
11,3,10,13,8,15,7,9,1,6,5,14,2,4,12,0,
11,3,10,13,8,15,7,9,1,6,5,14,2,4,12,0,
11,3,10,13,8,15,7,9,1,6,5,14,2,4,12,0,
11,3,10,13,8,15,7,9,1,6,5,14,2,4,12,0,
11,3,10,13,8,15,7,9,1,6,5,14,2,4,12,0,
11,3,10,13,8,15,7,9,1,6,5,14,2,4,12,0,
11,3,10,13,8,15,7,9,1,6,5,14,2,4,12,0,
11,3,10,13,8,15,7,9,1,6,5,14,2,4,12,0,
11,3,10,13,8,15,7,9,1,6,5,14,2,4,12,0,
11,3,10,13,8,15,7,9,1,6,5,14,2,4,12,0,
11,3,10,13,8,15,7,9,1,6,5,14,2,4,12,0,
11,3,10,13,8,15,7,9,1,6,5,14,2,4,12,0,
11,3,10,13,8,15,7,9,1,6,5,14,2,4,12,0,
11,3,10,13,8,15,7,9,1,6,5,14,2,4,12,0,
11,3,10,13,8,15,7,9,1,6,5,14,2,4,12,0,
11,3,10,13,8,15,7,9,1,6,5,14,2,4,12,0,
11,3,10,13,8,15,7,9,1,6,5,14,2,4,12,0,
11,3,10,13,8,15,7,9,1,6,5,14,2,4,12,0,
11,3,10,13,8,15,7,9,1,6,5,14,2,4,12,0,
11,3,10,13,8,15,7,9,1,6,5,14,2,4,12,0,
11,3,10,13,8,15,7,9,1,6,5,14,2,4,12,0,
11,3,10,13,8,15,7,9,1,6,5,14,2,4,12,0,
11,3,10,13,8,15,7,9,1,6,5,14,2,4,12,0,
11,3,10,13,8,15,7,9,1,6,5,14,2,4,12,0,
11,3,10,13,8,15,7,9,1,6,5,14,2,4,12,0,
11,3,10,13,8,15,7,9,1,6,5,14,2,4,12,0,
11,3,10,13,8,15,7,9,1,6,5,14,2,4,12,0,
11,3,10,13,8,15,7,9,1,6,5,14,2,4,12,0,
11,3,10,13,8,15,7,9,1,6,5,14,2,4,12,0,
11,3,10,13,8,15,7,9,1,6,5,14,2,4,12,0,
11,3,10,13,8,15,7,9,1,6,5,14,2,4,12,0,
11,3,10,13,8,15,7,9,1,6,5,14,2,4,12,0,
11,3,10,13,8,15,7,9,1,6,5,14,2,4,12,0,
11,3,10,13,8,15,7,9,1,6,5,14,2,4,12,0,
11,3,10,13,8,15,7,9,1,6,5,14,2,4,12,0,
11,3,10,13,8,15,7,9,1,6,5,14,2,4,12,0,
11,3,10,13,8,15,7,9,1,6,5,14,2,4,12,0,
11,3,10,13,8,15,7,9,1,6,5,14,2,4,12,0,
11,3,10,13,8,15,7,9,1,6,5,14,2,4,12,0,
11,3,10,13,8,15,7,9,1,6,5,14,2,4,12,0,
11,3,10,13,8,15,7,9,1,6,5,14,2,4,12,0,
11,3,10,13,8,15,7,9,1,6,5,14,2,4,12,0,
11,3,10,13,8,15,7,9,1,6,5,14,2,4,12,0,
11,3,10,13,8,15,7,9,1,6,5,14,2,4,12,0,
11,3,10,13,8,15,7,9,1,6,5,14,2,4,12,0,
11,3,10,13,8,15,7,9,1,6,5,14,2,4,12,0,
11,3,10,13,8,15,7,9,1,6,5,14,2,4,12,0,
11,3,10,13,8,15,7,9,1,6,5,14,2,4,12,0,
11,3,10,13,8,15,7,9,1,6,5,14,2,4,12,0,
11,3,10,13,8,15,7,9,1,6,5,14,2,4,12,0,
11,3,10,13,8,15,7,9,1,6,5,14,2,4,12,0,
11,3,10,13,8,15,7,9,1,6,5,14,2,4,12,0,
11,3,10,13,8,15,7,9,1,6,5,14,2,4,12,0,
11,3,10,13,8,15,7,9,1,6,5,14,2,4,12,0,
11,3,10,13,8,15,7,9,1,6,5,14,2,4,12,0,
11,3,10,13,8,15,7,9,1,6,5,14,2,4,12,0,
11,3,10,13,8,15,7,9,1,6,5,14,2,4,12,0,
11,3,10,13,8,15,7,9,1,6,5,14,2,4,12,0,
11,3,10,13,8,15,7,9,1,6,5,14,2,4,12,0,
11,3,10,13,8,15,7,9,1,6,5,14,2,4,12,0,
11,3,10,13,8,15,7,9,1,6,5,14,2,4,12,0,
11,3,10,13,8,15,7,9,1,6,5,14,2,4,12,0,
11,3,10,13,8,15,7,9,1,6,5,14,2,4,12,0,
11,3,10,13,8,15,7,9,1,6,5,14,2,4,12,0,
11,3,10,13,8,15,7,9,1,6,5,14,2,4,12,0,
11,3,10,13,8,15,7,9,1,6,5,14,2,4,12,0,
11,3,10,13,8,15,7,9,1,6,5,14,2,4,12,0,
11,3,10,13,8,15,7,9,1,6,5,14,2,4,12,0,
11,3,10,13,8,15,7,9,1,6,5,14,2,4,12,0,
11,3,10,13,8,15,7,9,1,6,5,14,2,4,12,0,
11,3,10,13,8,15,7,9,1,6,5,14,2,4,12,0,
11,3,10,13,8,15,7,9,1,6,5,14,2,4,12,0,
11,3,10,13,8,15,7,9,1,6,5,14,2,4,12,0,
11,3,10,13,8,15,7,9,1,6,5,14,2,4,12,0,
11,3,10,13,8,15,7,9,1,6,5,14,2,4,12,0,
11,3,10,13,8,15,7,9,1,6,5,14,2,4,12,0,
11,3,10,13,8,15,7,9,1,6,5,14,2,4,12,0,
11,3,10,13,8,15,7,9,1,6,5,14,2,4,12,0,
11,3,10,13,8,15,7,9,1,6,5,14,2,4,12,0,
11,3,10,13,8,15,7,9,1,6,5,14,2,4,12,0,
11,3,10,13,8,15,7,9,1,6,5,14,2,4,12,0,
11,3,10,13,8,15,7,9,1,6,5,14,2,4,12,0,
11,3,10,13,8,15,7,9,1,6,5,14,2,4,12,0,
11,3,10,13,8,15,7,9,1,6,5,14,2,4,12,0,
11,3,10,13,8,15,7,9,1,6,5,14,2,4,12,0,
11,3,10,13,8,15,7,9,1,6,5,14,2,4,12,0,
11,3,10,13,8,15,7,9,1,6,5,14,2,4,12,0,
11,3,10,13,8,15,7,9,1,6,5,14,2,4,12,0,
11,3,10,13,8,15,7,9,1,6,5,14,2,4,12,0,
11,3,10,13,8,15,7,9,1,6,5,14,2,4,12,0,
11,3,10,13,8,15,7,9,1,6,5,14,2,4,12,0,
11,3,10,13,8,15,7,9,1,6,5,14,2,4,12,0,
11,3,10,13,8,15,7,9,1,6,5,14,2,4,12,0,
11,3,10,13,8,15,7,9,1,6,5,14,2,4,12,0,
11,3,10,13,8,15,7,9,1,6,5,14,2,4,12,0,
11,3,10,13,8,15,7,9,1,6,5,14,2,4,12,0,
11,3,10,13,8,15,7,9,1,6,5,14,2,4,12,0,
11,3,10,13,8,15,7,9,1,6,5,14,2,4,12,0,
11,3,10,13,8,15,7,9,1,6,5,14,2,4,12,0,
11,3,10,13,8,15,7,9,1,6,5,14,2,4,12,0,
11,3,10,13,8,15,7,9,1,6,5,14,2,4,12,0,
11,3,10,13,8,15,7,9,1,6,5,14,2,4,12,0,
11,3,10,13,8,15,7,9,1,6,5,14,2,4,12,0,
11,3,10,13,8,15,7,9,1,6,5,14,2,4,12,0,
11,3,10,13,8,15,7,9,1,6,5,14,2,4,12,0,
11,3,10,13,8,15,7,9,1,6,5,14,2,4,12,0,
11,3,10,13,8,15,7,9,1,6,5,14,2,4,12,0,
11,3,10,13,8,15,7,9,1,6,5,14,2,4,12,0,
11,3,10,13,8,15,7,9,1,6,5,14,2,4,12,0,
11,3,10,13,8,15,7,9,1,6,5,14,2,4,12,0,
11,3,10,13,8,15,7,9,1,6,5,14,2,4,12,0,
11,3,10,13,8,15,7,9,1,6,5,14,2,4,12,0,
11,3,10,13,8,15,7,9,1,6,5,14,2,4,12,0,
11,3,10,13,8,15,7,9,1,6,5,14,2,4,12,0,
11,3,10,13,8,15,7,9,1,6,5,14,2,4,12,0,
11,3,10,13,8,15,7,9,1,6,5,14,2,4,12,0,
11,3,10,13,8,15,7,9,1,6,5,14,2,4,12,0,
11,3,10,13,8,15,7,9,1,6,5,14,2,4,12,0,
11,3,10,13,8,15,7,9,1,6,5,14,2,4,12,0,
11,3,10,13,8,15,7,9,1,6,5,14,2,4,12,0,
11,3,10,13,8,15,7,9,1,6,5,14,2,4,12,0,
11,3,10,13,8,15,7,9,1,6,5,14,2,4,12,0,
11,3,10,13,8,15,7,9,1,6,5,14,2,4,12,0,
11,3,10,13,8,15,7,9,1,6,5,14,2,4,12,0,
11,3,10,13,8,15,7,9,1,6,5,14,2,4,12,0,
11,3,10,13,8,15,7,9,1,6,5,14,2,4,12,0,
11,3,10,13,8,15,7,9,1,6,5,14,2,4,12,0,
11,3,10,13,8,15,7,9,1,6,5,14,2,4,12,0,
11,3,10,13,8,15,7,9,1,6,5,14,2,4,12,0,
11,3,10,13,8,15,7,9,1,6,5,14,2,4,12,0,
11,3,10,13,8,15,7,9,1,6,5,14,2,4,12,0,
11,3,10,13,8,15,7,9,1,6,5,14,2,4,12,0,
11,3,10,13,8,15,7,9,1,6,5,14,2,4,12,0,
11,3,10,13,8,15,7,9,1,6,5,14,2,4,12,0,
11,3,10,13,8,15,7,9,1,6,5,14,2,4,12,0,
11,3,10,13,8,15,7,9,1,6,5,14,2,4,12,0,
11,3,10,13,8,15,7,9,1,6,5,14,2,4,12,0,
11,3,10,13,8,15,7,9,1,6,5,14,2,4,12,0,
11,3,10,13,8,15,7,9,1,6,5,14,2,4,12,0,
11,3,10,13,8,15,7,9,1,6,5,14,2,4,12,0,
11,3,10,13,8,15,7,9,1,6,5,14,2,4,12,0,
11,3,10,13,8,15,7,9,1,6,5,14,2,4,12,0,
11,3,10,13,8,15,7,9,1,6,5,14,2,4,12,0,
11,3,10,13,8,15,7,9,1,6,5,14,2,4,12,0,
11,3,10,13,8,15,7,9,1,6,5,14,2,4,12,0,
11,3,10,13,8,15,7,9,1,6,5,14,2,4,12,0,
11,3,10,13,8,15,7,9,1,6,5,14,2,4,12,0,
11,3,10,13,8,15,7,9,1,6,5,14,2,4,12,0,
11,3,10,13,8,15,7,9,1,6,5,14,2,4,12,0,
11,3,10,13,8,15,7,9,1,6,5,14,2,4,12,0,
11,3,10,13,8,15,7,9,1,6,5,14,2,4,12,0,
11,3,10,13,8,15,7,9,1,6,5,14,2,4,12,0,
11,3,10,13,8,15,7,9,1,6,5,14,2,4,12,0,
11,3,10,13,8,15,7,9,1,6,5,14,2,4,12,0,
11,3,10,13,8,15,7,9,1,6,5,14,2,4,12,0,
11,3,10,13,8,15,7,9,1,6,5,14,2,4,12,0,
11,3,10,13,8,15,7,9,1,6,5,14,2,4,12,0,
11,3,10,13,8,15,7,9,1,6,5,14,2,4,12,0,
11,3,10,13,8,15,7,9,1,6,5,14,2,4,12,0,
11,3,10,13,8,15,7,9,1,6,5,14,2,4,12,0,
11,3,10,13,8,15,7,9,1,6,5,14,2,4,12,0,
11,3,10,13,8,15,7,9,1,6,5,14,2,4,12,0,
11,3,10,13,8,15,7,9,1,6,5,14,2,4,12,0,
11,3,10,13,8,15,7,9,1,6,5,14,2,4,12,0,
11,3,10,13,8,15,7,9,1,6,5,14,2,4,12,0,
11,3,10,13,8,15,7,9,1,6,5,14,2,4,12,0,
11,3,10,13,8,15,7,9,1,6,5,14,2,4,12,0,
11,3,10,13,8,15,7,9,1,6,5,14,2,4,12,0,
11,3,10,13,8,15,7,9,1,6,5,14,2,4,12,0,
11,3,10,13,8,15,7,9,1,6,5,14,2,4,12,0,
11,3,10,13,8,15,7,9,1,6,5,14,2,4,12,0,
11,3,10,13,8,15,7,9,1,6,5,14,2,4,12,0,
11,3,10,13,8,15,7,9,1,6,5,14,2,4,12,0,
11,3,10,13,8,15,7,9,1,6,5,14,2,4,12,0,
11,3,10,13,8,15,7,9,1,6,5,14,2,4,12,0,
11,3,10,13,8,15,7,9,1,6,5,14,2,4,12,0,
11,3,10,13,8,15,7,9,1,6,5,14,2,4,12,0,
11,3,10,13,8,15,7,9,1,6,5,14,2,4,12,0,
11,3,10,13,8,15,7,9,1,6,5,14,2,4,12,0,
11,3,10,13,8,15,7,9,1,6,5,14,2,4,12,0,
11,3,10,13,8,15,7,9,1,6,5,14,2,4,12,0,
11,3,10,13,8,15,7,9,1,6,5,14,2,4,12,0,
11,3,10,13,8,15,7,9,1,6,5,14,2,4,12,0,
11,3,10,13,8,15,7,9,1,6,5,14,2,4,12,0,
11,3,10,13,8,15,7,9,1,6,5,14,2,4,12,0,
11,3,10,13,8,15,7,9,1,6,5,14,2,4,12,0,
11,3,10,13,8,15,7,9,1,6,5,14,2,4,12,0,
11,3,10,13,8,15,7,9,1,6,5,14,2,4,12,0,
11,3,10,13,8,15,7,9,1,6,5,14,2,4,12,0,
11,3,10,13,8,15,7,9,1,6,5,14,2,4,12,0,
11,3,10,13,8,15,7,9,1,6,5,14,2,4,12,0,
11,3,10,13,8,15,7,9,1,6,5,14,2,4,12,0,
11,3,10,13,8,15,7,9,1,6,5,14,2,4,12,0,
11,3,10,13,8,15,7,9,1,6,5,14,2,4,12,0,
11,3,10,13,8,15,7,9,1,6,5,14,2,4,12,0,
11,3,10,13,8,15,7,9,1,6,5,14,2,4,12,0,
11,3,10,13,8,15,7,9,1,6,5,14,2,4,12,0,
11,3,10,13,8,15,7,9,1,6,5,14,2,4,12,0,
11,3,10,13,8,15,7,9,1,6,5,14,2,4,12,0,
11,3,10,13,8,15,7,9,1,6,5,14,2,4,12,0,
11,3,10,13,8,15,7,9,1,6,5,14,2,4,12,0,
11,3,10,13,8,15,7,9,1,6,5,14,2,4,12,0,
11,3,10,13,8,15,7,9,1,6,5,14,2,4,12,0,
11,3,10,13,8,15,7,9,1,6,5,14,2,4,12,0,
11,3,10,13,8,15,7,9,1,6,5,14,2,4,12,0,
11,3,10,13,8,15,7,9,1,6,5,14,2,4,12,0,
11,3,10,13,8,15,7,9,1,6,5,14,2,4,12,0,
11,3,10,13,8,15,7,9,1,6,5,14,2,4,12,0,
11,3,10,13,8,15,7,9,1,6,5,14,2,4,12,0,
11,3,10,13,8,15,7,9,1,6,5,14,2,4,12,0,
11,3,10,13,8,15,7,9,1,6,5,14,2,4,12,0,
11,3,10,13,8,15,7,9,1,6,5,14,2,4,12,0,
11,3,10,13,8,15,7,9,1,6,5,14,2,4,12,0,
11,3,10,13,8,15,7,9,1,6,5,14,2,4,12,0,
11,3,10,13,8,15,7,9,1,6,5,14,2,4,12,0,
11,3,10,13,8,15,7,9,1,6,5,14,2,4,12,0,
11,3,10,13,8,15,7,9,1,6,5,14,2,4,12,0,
11,3,10,13,8,15,7,9,1,6,5,14,2,4,12,0,
11,3,10,13,8,15,7,9,1,6,5,14,2,4,12,0,
11,3,10,13,8,15,7,9,1,6,5,14,2,4,12,0,
11,3,10,13,8,15,7,9,1,6,5,14,2,4,12,0,
11,3,10,13,8,15,7,9,1,6,5,14,2,4,12,0,
11,3,10,13,8,15,7,9,1,6,5,14,2,4,12,0,
11,3,10,13,8,15,7,9,1,6,5,14,2,4,12,0,
11,3,10,13,8,15,7,9,1,6,5,14,2,4,12,0,
11,3,10,13,8,15,7,9,1,6,5,14,2,4,12,0,
11,3,10,13,8,15,7,9,1,6,5,14,2,4,12,0,
11,3,10,13,8,15,7,9,1,6,5,14,2,4,12,0,
11,3,10,13,8,15,7,9,1,6,5,14,2,4,12,0,
11,3,10,13,8,15,7,9,1,6,5,14,2,4,12,0,
11,3,10,13,8,15,7,9,1,6,5,14,2,4,12,0,
11,3,10,13,8,15,7,9,1,6,5,14,2,4,12,0,
11,3,10,13,8,15,7,9,1,6,5,14,2,4,12,0,
11,3,10,13,8,15,7,9,1,6,5,14,2,4,12,0,
11,3,10,13,8,15,7,9,1,6,5,14,2,4,12,0,
11,3,10,13,8,15,7,9,1,6,5,14,2,4,12,0,
11,3,10,13,8,15,7,9,1,6,5,14,2,4,12,0,
11,3,10,13,8,15,7,9,1,6,5,14,2,4,12,0,
11,3,10,13,8,15,7,9,1,6,5,14,2,4,12,0,
11,3,10,13,8,15,7,9,1,6,5,14,2,4,12,0,
11,3,10,13,8,15,7,9,1,6,5,14,2,4,12,0,
11,3,10,13,8,15,7,9,1,6,5,14,2,4,12,0,
11,3,10,13,8,15,7,9,1,6,5,14,2,4,12,0,
11,3,10,13,8,15,7,9,1,6,5,14,2,4,12,0,
11,3,10,13,8,15,7,9,1,6,5,14,2,4,12,0,
11,3,10,13,8,15,7,9,1,6,5,14,2,4,12,0,
11,3,10,13,8,15,7,9,1,6,5,14,2,4,12,0,
11,3,10,13,8,15,7,9,1,6,5,14,2,4,12,0,
11,3,10,13,8,15,7,9,1,6,5,14,2,4,12,0,
11,3,10,13,8,15,7,9,1,6,5,14,2,4,12,0,
11,3,10,13,8,15,7,9,1,6,5,14,2,4,12,0,
11,3,10,13,8,15,7,9,1,6,5,14,2,4,12,0,
11,3,10,13,8,15,7,9,1,6,5,14,2,4,12,0,
11,3,10,13,8,15,7,9,1,6,5,14,2,4,12,0,
11,3,10,13,8,15,7,9,1,6,5,14,2,4,12,0,
11,3,10,13,8,15,7,9,1,6,5,14,2,4,12,0,
11,3,10,13,8,15,7,9,1,6,5,14,2,4,12,0,
11,3,10,13,8,15,7,9,1,6,5,14,2,4,12,0,
11,3,10,13,8,15,7,9,1,6,5,14,2,4,12,0,
11,3,10,13,8,15,7,9,1,6,5,14,2,4,12,0,
11,3,10,13,8,15,7,9,1,6,5,14,2,4,12,0,
11,3,10,13,8,15,7,9,1,6,5,14,2,4,12,0,
11,3,10,13,8,15,7,9,1,6,5,14,2,4,12,0,
11,3,10,13,8,15,7,9,1,6,5,14,2,4,12,0,
11,3,10,13,8,15,7,9,1,6,5,14,2,4,12,0,
11,3,10,13,8,15,7,9,1,6,5,14,2,4,12,0,
11,3,10,13,8,15,7,9,1,6,5,14,2,4,12,0,
11,3,10,13,8,15,7,9,1,6,5,14,2,4,12,0,
11,3,10,13,8,15,7,9,1,6,5,14,2,4,12,0,
11,3,10,13,8,15,7,9,1,6,5,14,2,4,12,0,
11,3,10,13,8,15,7,9,1,6,5,14,2,4,12,0,
11,3,10,13,8,15,7,9,1,6,5,14,2,4,12,0,
11,3,10,13,8,15,7,9,1,6,5,14,2,4,12,0,
11,3,10,13,8,15,7,9,1,6,5,14,2,4,12,0,
11,3,10,13,8,15,7,9,1,6,5,14,2,4,12,0,
11,3,10,13,8,15,7,9,1,6,5,14,2,4,12,0,
11,3,10,13,8,15,7,9,1,6,5,14,2,4,12,0,
11,3,10,13,8,15,7,9,1,6,5,14,2,4,12,0,
11,3,10,13,8,15,7,9,1,6,5,14,2,4,12,0,
11,3,10,13,8,15,7,9,1,6,5,14,2,4,12,0,
11,3,10,13,8,15,7,9,1,6,5,14,2,4,12,0,
11,3,10,13,8,15,7,9,1,6,5,14,2,4,12,0,
11,3,10,13,8,15,7,9,1,6,5,14,2,4,12,0,
11,3,10,13,8,15,7,9,1,6,5,14,2,4,12,0,
11,3,10,13,8,15,7,9,1,6,5,14,2,4,12,0,
11,3,10,13,8,15,7,9,1,6,5,14,2,4,12,0,
11,3,10,13,8,15,7,9,1,6,5,14,2,4,12,0,
11,3,10,13,8,15,7,9,1,6,5,14,2,4,12,0,
11,3,10,13,8,15,7,9,1,6,5,14,2,4,12,0,
11,3,10,13,8,15,7,9,1,6,5,14,2,4,12,0,
11,3,10,13,8,15,7,9,1,6,5,14,2,4,12,0,
11,3,10,13,8,15,7,9,1,6,5,14,2,4,12,0,
11,3,10,13,8,15,7,9,1,6,5,14,2,4,12,0,
11,3,10,13,8,15,7,9,1,6,5,14,2,4,12,0,
11,3,10,13,8,15,7,9,1,6,5,14,2,4,12,0,
11,3,10,13,8,15,7,9,1,6,5,14,2,4,12,0,
11,3,10,13,8,15,7,9,1,6,5,14,2,4,12,0,
11,3,10,13,8,15,7,9,1,6,5,14,2,4,12,0,
11,3,10,13,8,15,7,9,1,6,5,14,2,4,12,0,
11,3,10,13,8,15,7,9,1,6,5,14,2,4,12,0,
11,3,10,13,8,15,7,9,1,6,5,14,2,4,12,0,
11,3,10,13,8,15,7,9,1,6,5,14,2,4,12,0,
11,3,10,13,8,15,7,9,1,6,5,14,2,4,12,0,
11,3,10,13,8,15,7,9,1,6,5,14,2,4,12,0,
11,3,10,13,8,15,7,9,1,6,5,14,2,4,12,0,
11,3,10,13,8,15,7,9,1,6,5,14,2,4,12,0,
11,3,10,13,8,15,7,9,1,6,5,14,2,4,12,0,
11,3,10,13,8,15,7,9,1,6,5,14,2,4,12,0,
11,3,10,13,8,15,7,9,1,6,5,14,2,4,12,0,
11,3,10,13,8,15,7,9,1,6,5,14,2,4,12,0,
11,3,10,13,8,15,7,9,1,6,5,14,2,4,12,0,
11,3,10,13,8,15,7,9,1,6,5,14,2,4,12,0,
11,3,10,13,8,15,7,9,1,6,5,14,2,4,12,0,
11,3,10,13,8,15,7,9,1,6,5,14,2,4,12,0,
11,3,10,13,8,15,7,9,1,6,5,14,2,4,12,0,
11,3,10,13,8,15,7,9,1,6,5,14,2,4,12,0,
11,3,10,13,8,15,7,9,1,6,5,14,2,4,12,0,
11,3,10,13,8,15,7,9,1,6,5,14,2,4,12,0,
11,3,10,13,8,15,7,9,1,6,5,14,2,4,12,0,
11,3,10,13,8,15,7,9,1,6,5,14,2,4,12,0,
11,3,10,13,8,15,7,9,1,6,5,14,2,4,12,0,
11,3,10,13,8,15,7,9,1,6,5,14,2,4,12,0,
11,3,10,13,8,15,7,9,1,6,5,14,2,4,12,0,
11,3,10,13,8,15,7,9,1,6,5,14,2,4,12,0,
11,3,10,13,8,15,7,9,1,6,5,14,2,4,12,0,
11,3,10,13,8,15,7,9,1,6,5,14,2,4,12,0,
11,3,10,13,8,15,7,9,1,6,5,14,2,4,12,0,
11,3,10,13,8,15,7,9,1,6,5,14,2,4,12,0,
11,3,10,13,8,15,7,9,1,6,5,14,2,4,12,0,
11,3,10,13,8,15,7,9,1,6,5,14,2,4,12,0,
11,3,10,13,8,15,7,9,1,6,5,14,2,4,12,0,
11,3,10,13,8,15,7,9,1,6,5,14,2,4,12,0,
11,3,10,13,8,15,7,9,1,6,5,14,2,4,12,0,
11,3,10,13,8,15,7,9,1,6,5,14,2,4,12,0,
11,3,10,13,8,15,7,9,1,6,5,14,2,4,12,0,
11,3,10,13,8,15,7,9,1,6,5,14,2,4,12,0,
11,3,10,13,8,15,7,9,1,6,5,14,2,4,12,0,
11,3,10,13,8,15,7,9,1,6,5,14,2,4,12,0,
11,3,10,13,8,15,7,9,1,6,5,14,2,4,12,0,
11,3,10,13,8,15,7,9,1,6,5,14,2,4,12,0,
11,3,10,13,8,15,7,9,1,6,5,14,2,4,12,0,
11,3,10,13,8,15,7,9,1,6,5,14,2,4,12,0,
11,3,10,13,8,15,7,9,1,6,5,14,2,4,12,0,
11,3,10,13,8,15,7,9,1,6,5,14,2,4,12,0,
11,3,10,13,8,15,7,9,1,6,5,14,2,4,12,0,
11,3,10,13,8,15,7,9,1,6,5,14,2,4,12,0,
11,3,10,13,8,15,7,9,1,6,5,14,2,4,12,0,
11,3,10,13,8,15,7,9,1,6,5,14,2,4,12,0,
11,3,10,13,8,15,7,9,1,6,5,14,2,4,12,0,
11,3,10,13,8,15,7,9,1,6,5,14,2,4,12,0,
11,3,10,13,8,15,7,9,1,6,5,14,2,4,12,0,
11,3,10,13,8,15,7,9,1,6,5,14,2,4,12,0,
11,3,10,13,8,15,7,9,1,6,5,14,2,4,12,0,
11,3,10,13,8,15,7,9,1,6,5,14,2,4,12,0,
11,3,10,13,8,15,7,9,1,6,5,14,2,4,12,0,
11,3,10,13,8,15,7,9,1,6,5,14,2,4,12,0,
11,3,10,13,8,15,7,9,1,6,5,14,2,4,12,0,
11,3,10,13,8,15,7,9,1,6,5,14,2,4,12,0,
11,3,10,13,8,15,7,9,1,6,5,14,2,4,12,0,
11,3,10,13,8,15,7,9,1,6,5,14,2,4,12,0,
11,3,10,13,8,15,7,9,1,6,5,14,2,4,12,0,
11,3,10,13,8,15,7,9,1,6,5,14,2,4,12,0,
11,3,10,13,8,15,7,9,1,6,5,14,2,4,12,0,
11,3,10,13,8,15,7,9,1,6,5,14,2,4,12,0,
11,3,10,13,8,15,7,9,1,6,5,14,2,4,12,0,
11,3,10,13,8,15,7,9,1,6,5,14,2,4,12,0,
11,3,10,13,8,15,7,9,1,6,5,14,2,4,12,0,
11,3,10,13,8,15,7,9,1,6,5,14,2,4,12,0,
11,3,10,13,8,15,7,9,1,6,5,14,2,4,12,0,
11,3,10,13,8,15,7,9,1,6,5,14,2,4,12,0,
11,3,10,13,8,15,7,9,1,6,5,14,2,4,12,0,
11,3,10,13,8,15,7,9,1,6,5,14,2,4,12,0,
11,3,10,13,8,15,7,9,1,6,5,14,2,4,12,0,
11,3,10,13,8,15,7,9,1,6,5,14,2,4,12,0,
11,3,10,13,8,15,7,9,1,6,5,14,2,4,12,0,
11,3,10,13,8,15,7,9,1,6,5,14,2,4,12,0,
11,3,10,13,8,15,7,9,1,6,5,14,2,4,12,0,
11,3,10,13,8,15,7,9,1,6,5,14,2,4,12,0,
11,3,10,13,8,15,7,9,1,6,5,14,2,4,12,0,
11,3,10,13,8,15,7,9,1,6,5,14,2,4,12,0,
11,3,10,13,8,15,7,9,1,6,5,14,2,4,12,0,
11,3,10,13,8,15,7,9,1,6,5,14,2,4,12,0,
11,3,10,13,8,15,7,9,1,6,5,14,2,4,12,0,
11,3,10,13,8,15,7,9,1,6,5,14,2,4,12,0,
11,3,10,13,8,15,7,9,1,6,5,14,2,4,12,0,
11,3,10,13,8,15,7,9,1,6,5,14,2,4,12,0,
11,3,10,13,8,15,7,9,1,6,5,14,2,4,12,0,
11,3,10,13,8,15,7,9,1,6,5,14,2,4,12,0,
11,3,10,13,8,15,7,9,1,6,5,14,2,4,12,0,
11,3,10,13,8,15,7,9,1,6,5,14,2,4,12,0,
11,3,10,13,8,15,7,9,1,6,5,14,2,4,12,0,
11,3,10,13,8,15,7,9,1,6,5,14,2,4,12,0,
11,3,10,13,8,15,7,9,1,6,5,14,2,4,12,0,
11,3,10,13,8,15,7,9,1,6,5,14,2,4,12,0,
11,3,10,13,8,15,7,9,1,6,5,14,2,4,12,0,
11,9,10,13,8,15,7,3,1,6,5,14,2,4,12,0,
11,3,10,13,8,15,7,9,1,6,5,14,2,4,12,0,
11,3,10,13,8,15,7,9,1,6,5,14,2,4,12,0,
11,3,10,13,8,15,7,9,1,6,5,14,2,4,12,0,
11,3,10,13,8,15,7,9,1,6,5,14,2,4,12,0,
11,3,10,13,8,15,7,9,1,6,5,14,2,4,12,0,
11,3,10,13,8,15,7,9,1,6,5,14,2,4,12,0,
11,3,10,13,8,15,7,9,1,6,5,14,2,4,12,0,
11,3,10,13,8,15,7,9,1,6,5,14,2,4,12,0,
11,3,10,13,8,15,7,9,1,6,5,14,2,4,12,0,
11,3,10,13,8,15,7,9,1,6,5,14,2,4,12,0,
11,3,10,13,8,15,7,9,1,6,5,14,2,4,12,0,
11,3,10,13,8,15,7,9,1,6,5,14,2,4,12,0,
11,3,10,13,8,15,7,9,1,6,5,14,2,4,12,0,
11,3,10,13,8,15,7,9,1,6,5,14,2,4,12,0,
11,3,10,13,8,15,7,9,1,6,5,14,2,4,12,0,
11,3,10,13,8,15,7,9,1,6,5,14,2,4,12,0,
11,3,10,13,8,15,7,9,1,6,5,14,2,4,12,0,
11,3,10,13,8,15,7,9,1,6,5,14,2,4,12,0,
11,3,10,13,8,15,7,9,1,6,5,14,2,4,12,0,
11,3,10,13,8,15,7,9,1,6,5,14,2,4,12,0,
11,3,10,13,8,15,7,9,1,6,5,14,2,4,12,0,
11,3,10,13,8,15,7,9,1,6,5,14,2,4,12,0,
11,3,10,13,8,15,7,9,1,6,5,14,2,4,12,0,
11,3,10,13,8,15,7,9,1,6,5,14,2,4,12,0,
11,3,10,13,8,15,7,9,1,6,5,14,2,4,12,0,
11,3,10,13,8,15,7,9,1,6,5,14,2,4,12,0,
11,3,10,13,8,15,7,9,1,6,5,14,2,4,12,0,
11,3,10,13,8,15,7,9,1,6,5,14,2,4,12,0,
11,3,10,13,8,15,7,9,1,6,5,14,2,4,12,0,
11,3,10,13,8,15,7,9,1,6,5,14,2,4,12,0,
11,3,10,13,8,15,7,9,1,6,5,14,2,4,12,0,
11,3,10,13,8,15,7,9,1,6,5,14,2,4,12,0,
11,3,10,13,8,15,7,9,1,6,5,14,2,4,12,0,
11,3,10,13,8,15,7,9,1,6,5,14,2,4,12,0,
11,3,10,13,8,15,7,9,1,6,5,14,2,4,12,0,
11,3,10,13,8,15,7,9,1,6,5,14,2,4,12,0,
11,3,10,13,8,15,7,9,1,6,5,14,2,4,12,0,
11,3,10,13,8,15,7,9,1,6,5,14,2,4,12,0,
11,3,10,13,8,15,7,9,1,6,5,14,2,4,12,0,
11,3,10,13,8,15,7,9,1,6,5,14,2,4,12,0,
11,3,10,13,8,15,7,9,1,6,5,14,2,4,12,0,
11,3,10,13,8,15,7,9,1,6,5,14,2,4,12,0,
11,3,10,13,8,15,7,9,1,6,5,14,2,4,12,0,
11,3,10,13,8,15,7,9,1,6,5,14,2,4,12,0,
11,3,10,13,8,15,7,9,1,6,5,14,2,4,12,0,
11,3,10,13,8,15,7,9,1,6,5,14,2,4,12,0,
11,3,10,13,8,15,7,9,1,6,5,14,2,4,12,0,
11,3,10,13,8,15,7,9,1,6,5,14,2,4,12,0,
11,3,10,13,8,15,7,9,1,6,5,14,2,4,12,0,
11,3,10,13,8,15,7,9,1,6,5,14,2,4,12,0,
11,3,10,13,8,15,7,9,1,6,5,14,2,4,12,0,
11,3,10,13,8,15,7,9,1,6,5,14,2,4,12,0,
11,3,10,13,8,15,7,9,1,6,5,14,2,4,12,0,
11,3,10,13,8,15,7,9,1,6,5,14,2,4,12,0,
11,3,10,13,8,15,7,9,1,6,5,14,2,4,12,0,
11,3,10,13,8,15,7,9,1,6,5,14,2,4,12,0,
11,3,10,13,8,15,7,9,1,6,5,14,2,4,12,0,
11,3,10,13,8,15,7,9,1,6,5,14,2,4,12,0,
11,3,10,13,8,15,7,9,1,6,5,14,2,4,12,0,
11,3,10,13,8,15,7,9,1,6,5,14,2,4,12,0,
11,3,10,13,8,15,7,9,1,6,5,14,2,4,12,0,
11,3,10,13,8,15,7,9,1,6,5,14,2,4,12,0,
11,3,10,13,8,15,7,9,1,6,5,14,2,4,12,0,
11,3,10,13,8,15,7,9,1,6,5,14,2,4,12,0,
11,3,10,13,8,15,7,9,1,6,5,14,2,4,12,0,
11,3,10,13,8,15,7,9,1,6,5,14,2,4,12,0,
11,3,10,13,8,15,7,9,1,6,5,14,2,4,12,0,
11,3,10,13,8,15,7,9,1,6,5,14,2,4,12,0,
11,3,10,13,8,15,7,9,1,6,5,14,2,4,12,0,
11,3,10,13,8,15,7,9,1,6,5,14,2,4,12,0,
11,3,10,13,8,15,7,9,1,6,5,14,2,4,12,0,
11,3,10,13,8,15,7,9,1,6,5,14,2,4,12,0,
11,3,10,13,8,15,7,9,1,6,5,14,2,4,12,0,
11,3,10,13,8,15,7,9,1,6,5,14,2,4,12,0,
11,3,10,13,8,15,7,9,1,6,5,14,2,4,12,0,
11,3,10,13,8,15,7,9,1,6,5,14,2,4,12,0,
11,3,10,13,8,15,7,9,1,6,5,14,2,4,12,0,
11,3,10,13,8,15,7,9,1,6,5,14,2,4,12,0,
11,3,10,13,8,15,7,9,1,6,5,14,2,4,12,0,
11,3,10,13,8,15,7,9,1,6,5,14,2,4,12,0,
11,3,10,13,8,15,7,9,1,6,5,14,2,4,12,0,
11,3,10,13,8,15,7,9,1,6,5,14,2,4,12,0,
11,3,10,13,8,15,7,9,1,6,5,14,2,4,12,0,
11,3,10,13,8,15,7,9,1,6,5,14,2,4,12,0,
11,3,10,13,8,15,7,9,1,6,5,14,2,4,12,0,
11,3,10,13,8,15,7,9,1,6,5,14,2,4,12,0,
11,3,10,13,8,15,7,9,1,6,5,14,2,4,12,0,
11,3,10,13,8,15,7,9,1,6,5,14,2,4,12,0,
11,3,10,13,8,15,7,9,1,6,5,14,2,4,12,0,
11,3,10,13,8,15,7,9,1,6,5,14,2,4,12,0,
11,3,10,13,8,15,7,9,1,6,5,14,2,4,12,0,
11,3,10,13,8,15,7,9,1,6,5,14,2,4,12,0,
11,3,10,13,8,15,7,9,1,6,5,14,2,4,12,0,
11,3,10,13,8,15,7,9,1,6,5,14,2,4,12,0,
11,3,10,13,8,15,7,9,1,6,5,14,2,4,12,0,
11,3,10,13,8,15,7,9,1,6,5,14,2,4,12,0,
11,3,10,13,8,15,7,9,1,6,5,14,2,4,12,0,
11,3,10,13,8,15,7,9,1,6,5,14,2,4,12,0,
11,3,10,13,8,15,7,9,1,6,5,14,2,4,12,0,
11,3,10,13,8,15,7,9,1,6,5,14,2,4,12,0,
11,3,10,13,8,15,7,9,1,6,5,14,2,4,12,0,
11,3,10,13,8,15,7,9,1,6,5,14,2,4,12,0,
11,3,10,13,8,15,7,9,1,6,5,14,2,4,12,0,
11,3,10,13,8,15,7,9,1,6,5,14,2,4,12,0,
11,3,10,13,8,15,7,9,1,6,5,14,2,4,12,0,
11,3,10,13,8,15,7,9,1,6,5,14,2,4,12,0,
11,3,10,13,8,15,7,9,1,6,5,14,2,4,12,0,
11,3,10,13,8,15,7,9,1,6,5,14,2,4,12,0,
11,3,10,13,8,15,7,9,1,6,5,14,2,4,12,0,
11,3,10,13,8,15,7,9,1,6,5,14,2,4,12,0,
11,3,10,13,8,15,7,9,1,6,5,14,2,4,12,0,
11,3,10,13,8,15,7,9,1,6,5,14,2,4,12,0,
11,3,10,13,8,15,7,9,1,6,5,14,2,4,12,0,
11,3,10,13,8,15,7,9,1,6,5,14,2,4,12,0,
11,3,10,13,8,15,7,9,1,6,5,14,2,4,12,0,
11,3,10,13,8,15,7,9,1,6,5,14,2,4,12,0,
11,3,10,13,8,15,7,9,1,6,5,14,2,4,12,0,
11,3,10,13,8,15,7,9,1,6,5,14,2,4,12,0,
11,3,10,13,8,15,7,9,1,6,5,14,2,4,12,0,
11,3,10,13,8,15,7,9,1,6,5,14,2,4,12,0,
11,3,10,13,8,15,7,9,1,6,5,14,2,4,12,0,
11,3,10,13,8,15,7,9,1,6,5,14,2,4,12,0,
11,3,10,13,8,15,7,9,1,6,5,14,2,4,12,0,
11,3,10,13,8,15,7,9,1,6,5,14,2,4,12,0,
11,3,10,13,8,15,7,9,1,6,5,14,2,4,12,0,
11,3,10,13,8,15,7,9,1,6,5,14,2,4,12,0,
11,3,10,13,8,15,7,9,1,6,5,14,2,4,12,0,
11,3,10,13,8,15,7,9,1,6,5,14,2,4,12,0,
11,3,10,13,8,15,7,9,1,6,5,14,2,4,12,0,
11,3,10,13,8,15,7,9,1,6,5,14,2,4,12,0,
11,3,10,13,8,15,7,9,1,6,5,14,2,4,12,0,
11,3,10,13,8,15,7,9,1,6,5,14,2,4,12,0,
11,3,10,13,8,15,7,9,1,6,5,14,2,4,12,0,
11,3,10,13,8,15,7,9,1,6,5,14,2,4,12,0,
11,3,10,13,8,15,7,9,1,6,5,14,2,4,12,0,
11,3,10,13,8,15,7,9,1,6,5,14,2,4,12,0,
11,3,10,13,8,15,7,9,1,6,5,14,2,4,12,0,
11,3,10,13,8,15,7,9,1,6,5,14,2,4,12,0,
11,3,10,13,8,15,7,9,1,6,5,14,2,4,12,0,
11,3,10,13,8,15,7,9,1,6,5,14,2,4,12,0,
11,3,10,13,8,15,7,9,1,6,5,14,2,4,12,0,
11,3,10,13,8,15,7,9,1,6,5,14,2,4,12,0,
11,3,10,13,8,15,7,9,1,6,5,14,2,4,12,0,
11,3,10,13,8,15,7,9,1,6,5,14,2,4,12,0,
11,3,10,13,8,15,7,9,1,6,5,14,2,4,12,0,
11,3,10,13,8,15,7,9,1,6,5,14,2,4,12,0,
11,3,10,13,8,15,7,9,1,6,5,14,2,4,12,0,
11,3,10,13,8,15,7,9,1,6,5,14,2,4,12,0,
11,3,10,13,8,15,7,9,1,6,5,14,2,4,12,0,
11,3,10,13,8,15,7,9,1,6,5,14,2,4,12,0,
11,3,10,13,8,15,7,9,1,6,5,14,2,4,12,0,
11,3,10,13,8,15,7,9,1,6,5,14,2,4,12,0,
11,3,10,13,8,15,7,9,1,6,5,14,2,4,12,0,
11,3,10,13,8,15,7,9,1,6,5,14,2,4,12,0,
11,3,10,13,8,15,7,9,1,6,5,14,2,4,12,0,
11,3,10,13,8,15,7,9,1,6,5,14,2,4,12,0,
11,3,10,13,8,15,7,9,1,6,5,14,2,4,12,0,
11,3,10,13,8,15,7,9,1,6,5,14,2,4,12,0,
11,3,10,13,8,15,7,9,1,6,5,14,2,4,12,0,
11,3,10,13,8,15,7,9,1,6,5,14,2,4,12,0,
11,3,10,13,8,15,7,9,1,6,5,14,2,4,12,0,
11,3,10,13,8,15,7,9,1,6,5,14,2,4,12,0,
11,3,10,13,8,15,7,9,1,6,5,14,2,4,12,0,
11,3,10,13,8,15,7,9,1,6,5,14,2,4,12,0,
11,3,10,13,8,15,7,9,1,6,5,14,2,4,12,0,
11,3,10,13,8,15,7,9,1,6,5,14,2,4,12,0,
11,3,10,13,8,15,7,9,1,6,5,14,2,4,12,0,
11,3,10,13,8,15,7,9,1,6,5,14,2,4,12,0,
11,3,10,13,8,15,7,9,1,6,5,14,2,4,12,0,
11,3,10,13,8,15,7,9,1,6,5,14,2,4,12,0,
11,3,10,13,8,15,7,9,1,6,5,14,2,4,12,0,
11,3,10,13,8,15,7,9,1,6,5,14,2,4,12,0,
11,3,10,13,8,15,7,9,1,6,5,14,2,4,12,0,
11,3,10,13,8,15,7,9,1,6,5,14,2,4,12,0,
11,3,10,13,8,15,7,9,1,6,5,14,2,4,12,0,
11,3,10,13,8,15,7,9,1,6,5,14,2,4,12,0,
11,3,10,13,8,15,7,9,1,6,5,14,2,4,12,0,
11,3,10,13,8,15,7,9,1,6,5,14,2,4,12,0,
11,3,10,13,8,15,7,9,1,6,5,14,2,4,12,0,
11,3,10,13,8,15,7,9,1,6,5,14,2,4,12,0,
11,3,10,13,8,15,7,9,1,6,5,14,2,4,12,0,
11,3,10,13,8,15,7,9,1,6,5,14,2,4,12,0,
11,3,10,13,8,15,7,9,1,6,5,14,2,4,12,0,
11,3,10,13,8,15,7,9,1,6,5,14,2,4,12,0,
11,3,10,13,8,15,7,9,1,6,5,14,2,4,12,0,
11,3,10,13,8,15,7,9,1,6,5,14,2,4,12,0,
11,3,10,13,8,15,7,9,1,6,5,14,2,4,12,0,
11,3,10,13,8,15,7,9,1,6,5,14,2,4,12,0,
11,3,10,13,8,15,7,9,1,6,5,14,2,4,12,0,
11,3,10,13,8,15,7,9,1,6,5,14,2,4,12,0,
11,3,10,13,8,15,7,9,1,6,5,14,2,4,12,0,
11,3,10,13,8,15,7,9,1,6,5,14,2,4,12,0,
11,3,10,13,8,15,7,9,1,6,5,14,2,4,12,0,
11,3,10,13,8,15,7,9,1,6,5,14,2,4,12,0,
11,3,10,13,8,15,7,9,1,6,5,14,2,4,12,0,
11,3,10,13,8,15,7,9,1,6,5,14,2,4,12,0,
11,3,10,13,8,15,7,9,1,6,5,14,2,4,12,0,
11,3,10,13,8,15,7,9,1,6,5,14,2,4,12,0,
11,3,10,13,8,15,7,9,1,6,5,14,2,4,12,0,
11,3,10,13,8,15,7,9,1,6,5,14,2,4,12,0,
11,3,10,13,8,15,7,9,1,6,5,14,2,4,12,0,
11,3,10,13,8,15,7,9,1,6,5,14,2,4,12,0,
11,3,10,13,8,15,7,9,1,6,5,14,2,4,12,0,
11,3,10,13,8,15,7,9,1,6,5,14,2,4,12,0,
11,3,10,13,8,15,7,9,1,6,5,14,2,4,12,0,
11,3,10,13,8,15,7,9,1,6,5,14,2,4,12,0,
11,3,10,13,8,15,7,9,1,6,5,14,2,4,12,0,
11,3,10,13,8,15,7,9,1,6,5,14,2,4,12,0,
11,3,10,13,8,15,7,9,1,6,5,14,2,4,12,0,
11,3,10,13,8,15,7,9,1,6,5,14,2,4,12,0,
11,3,10,13,8,15,7,9,1,6,5,14,2,4,12,0,
11,3,10,13,8,15,7,9,1,6,5,14,2,4,12,0,
11,3,10,13,8,15,7,9,1,6,5,14,2,4,12,0,
11,3,10,13,8,15,7,9,1,6,5,14,2,4,12,0,
11,3,10,13,8,15,7,9,1,6,5,14,2,4,12,0,
11,3,10,13,8,15,7,9,1,6,5,14,2,4,12,0,
11,3,10,13,8,15,7,9,1,6,5,14,2,4,12,0,
11,3,10,13,8,15,7,9,1,6,5,14,2,4,12,0,
11,3,10,13,8,15,7,9,1,6,5,14,2,4,12,0,
11,3,10,13,8,15,7,9,1,6,5,14,2,4,12,0,
11,3,10,13,8,15,7,9,1,6,5,14,2,4,12,0,
11,3,10,13,8,15,7,9,1,6,5,14,2,4,12,0,
11,3,10,13,8,15,7,9,1,6,5,14,2,4,12,0,
11,3,10,13,8,15,7,9,1,6,5,14,2,4,12,0,
11,3,10,13,8,15,7,9,1,6,5,14,2,4,12,0,
11,3,10,13,8,15,7,9,1,6,5,14,2,4,12,0,
11,3,10,13,8,15,7,9,1,6,5,14,2,4,12,0,
11,3,10,13,8,15,7,9,1,6,5,14,2,4,12,0,
11,3,10,13,8,15,7,9,1,6,5,14,2,4,12,0,
11,3,10,13,8,15,7,9,1,6,5,14,2,4,12,0,
11,3,10,13,8,15,7,9,1,6,5,14,2,4,12,0,
11,3,10,13,8,15,7,9,1,6,5,14,2,4,12,0,
11,3,10,13,8,15,7,9,1,6,5,14,2,4,12,0,
11,3,10,13,8,15,7,9,1,6,5,14,2,4,12,0,
11,3,10,13,8,15,7,9,1,6,5,14,2,4,12,0,
11,3,10,13,8,15,7,9,1,6,5,14,2,4,12,0,
11,3,10,13,8,15,7,9,1,6,5,14,2,4,12,0,
11,3,10,13,8,15,7,9,1,6,5,14,2,4,12,0,
11,3,10,13,8,15,7,9,1,6,5,14,2,4,12,0,
11,3,10,13,8,15,7,9,1,6,5,14,2,4,12,0,
11,3,10,13,8,15,7,9,1,6,5,14,2,4,12,0,
11,3,10,13,8,15,7,9,1,6,5,14,2,4,12,0,
11,3,10,13,8,15,7,9,1,6,5,14,2,4,12,0,
11,3,10,13,8,15,7,9,1,6,5,14,2,4,12,0,
11,3,10,13,8,15,7,9,1,6,5,14,2,4,12,0,
11,3,10,13,8,15,7,9,1,6,5,14,2,4,12,0,
11,3,10,13,8,15,7,9,1,6,5,14,2,4,12,0,
11,3,10,13,8,15,7,9,1,6,5,14,2,4,12,0,
11,3,10,13,8,15,7,9,1,6,5,14,2,4,12,0,
11,3,10,13,8,15,7,9,1,6,5,14,2,4,12,0,
11,3,10,13,8,15,7,9,1,6,5,14,2,4,12,0,
11,3,10,13,8,15,7,9,1,6,5,14,2,4,12,0,
11,3,10,13,8,15,7,9,1,6,5,14,2,4,12,0,
11,3,10,13,8,15,7,9,1,6,5,14,2,4,12,0,
11,3,10,13,8,15,7,9,1,6,5,14,2,4,12,0,
11,3,10,13,8,15,7,9,1,6,5,14,2,4,12,0,
11,3,10,13,8,15,7,9,1,6,5,14,2,4,12,0,
11,3,10,13,8,15,7,9,1,6,5,14,2,4,12,0,
11,3,10,13,8,15,7,9,1,6,5,14,2,4,12,0,
11,3,10,13,8,15,7,9,1,6,5,14,2,4,12,0,
11,3,10,13,8,15,7,9,1,6,5,14,2,4,12,0,
11,3,10,13,8,15,7,9,1,6,5,14,2,4,12,0,
11,3,10,13,8,15,7,9,1,6,5,14,2,4,12,0,
11,3,10,13,8,15,7,9,1,6,5,14,2,4,12,0,
11,3,10,13,8,15,7,9,1,6,5,14,2,4,12,0,
11,3,10,13,8,15,7,9,1,6,5,14,2,4,12,0,
11,3,10,13,8,15,7,9,1,6,5,14,2,4,12,0,
11,3,10,13,8,15,7,9,1,6,5,14,2,4,12,0,
11,3,10,13,8,15,7,9,1,6,5,14,2,4,12,0,
11,3,10,13,8,15,7,9,1,6,5,14,2,4,12,0,
11,3,10,13,8,15,7,9,1,6,5,14,2,4,12,0,
11,3,10,13,8,15,7,9,1,6,5,14,2,4,12,0,
11,3,10,13,8,15,7,9,1,6,5,14,2,4,12,0,
11,3,10,13,8,15,7,9,1,6,5,14,2,4,12,0,
11,3,10,13,8,15,7,9,1,6,5,14,2,4,12,0,
11,3,10,13,8,15,7,9,1,6,5,14,2,4,12,0,
11,3,10,13,8,15,7,9,1,6,5,14,2,4,12,0,
11,3,10,13,8,15,7,9,1,6,5,14,2,4,12,0,
11,3,10,13,8,15,7,9,1,6,5,14,2,4,12,0,
11,3,10,13,8,15,7,9,1,6,5,14,2,4,12,0,
11,3,10,13,8,15,7,9,1,6,5,14,2,4,12,0,
11,3,10,13,8,15,7,9,1,6,5,14,2,4,12,0,
11,3,10,13,8,15,7,9,1,6,5,14,2,4,12,0,
11,3,10,13,8,15,7,9,1,6,5,14,2,4,12,0,
11,3,10,13,8,15,7,9,1,6,5,14,2,4,12,0,
11,3,10,13,8,15,7,9,1,6,5,14,2,4,12,0,
11,3,10,13,8,15,7,9,1,6,5,14,2,4,12,0,
11,3,10,13,8,15,7,9,1,6,5,14,2,4,12,0,
11,3,10,13,8,15,7,9,1,6,5,14,2,4,12,0,
11,3,10,13,8,15,7,9,1,6,5,14,2,4,12,0,
11,3,10,13,8,15,7,9,1,6,5,14,2,4,12,0,
11,3,10,13,8,15,7,9,1,6,5,14,2,4,12,0,
11,3,10,13,8,15,7,9,1,6,5,14,2,4,12,0,
11,3,10,13,8,15,7,9,1,6,5,14,2,4,12,0,
11,3,10,13,8,15,7,9,1,6,5,14,2,4,12,0,
11,3,10,13,8,15,7,9,1,6,5,14,2,4,12,0,
11,3,10,13,8,15,7,9,1,6,5,14,2,4,12,0,
11,3,10,13,8,15,7,9,1,6,5,14,2,4,12,0,
11,3,10,13,8,15,7,9,1,6,5,14,2,4,12,0,
11,3,10,13,8,15,7,9,1,6,5,14,2,4,12,0,
11,3,10,13,8,15,7,9,1,6,5,14,2,4,12,0,
11,3,10,13,8,15,7,9,1,6,5,14,2,4,12,0,
11,3,10,13,8,15,7,9,1,6,5,14,2,4,12,0,
11,3,10,13,8,15,7,9,1,6,5,14,2,4,12,0,
11,3,10,13,8,15,7,9,1,6,5,14,2,4,12,0,
11,3,10,13,8,15,7,9,1,6,5,14,2,4,12,0,
11,3,10,13,8,15,7,9,1,6,5,14,2,4,12,0,
11,3,10,13,8,15,7,9,1,6,5,14,2,4,12,0,
11,3,10,13,8,15,7,9,1,6,5,14,2,4,12,0,
11,3,10,13,8,15,7,9,1,6,5,14,2,4,12,0,
11,3,10,13,8,15,7,9,1,6,5,14,2,4,12,0,
11,3,10,13,8,15,7,9,1,6,5,14,2,4,12,0,
11,3,10,13,8,15,7,9,1,6,5,14,2,4,12,0,
11,3,10,13,8,15,7,9,1,6,5,14,2,4,12,0,
11,3,10,13,8,15,7,9,1,6,5,14,2,4,12,0,
11,3,10,13,8,15,7,9,1,6,5,14,2,4,12,0,
11,3,10,13,8,15,7,9,1,6,5,14,2,4,12,0,
11,3,10,13,8,15,7,9,1,6,5,14,2,4,12,0,
11,3,10,13,8,15,7,9,1,6,5,14,2,4,12,0,
11,3,10,13,8,15,7,9,1,6,5,14,2,4,12,0,
11,3,10,13,8,15,7,9,1,6,5,14,2,4,12,0,
11,3,10,13,8,15,7,9,1,6,5,14,2,4,12,0,
11,3,10,13,8,15,7,9,1,6,5,14,2,4,12,0,
11,3,10,13,8,15,7,9,1,6,5,14,2,4,12,0,
11,3,10,13,8,15,7,9,1,6,5,14,2,4,12,0,
11,3,10,13,8,15,7,9,1,6,5,14,2,4,12,0,
11,3,10,13,8,15,7,9,1,6,5,14,2,4,12,0,
11,3,10,13,8,15,7,9,1,6,5,14,2,4,12,0,
11,3,10,13,8,15,7,9,1,6,5,14,2,4,12,0,
11,3,10,13,8,15,7,9,1,6,5,14,2,4,12,0,
11,3,10,13,8,15,7,9,1,6,5,14,2,4,12,0,
11,3,10,13,8,15,7,9,1,6,5,14,2,4,12,0,
11,3,10,13,8,15,7,9,1,6,5,14,2,4,12,0,
11,3,10,13,8,15,7,9,1,6,5,14,2,4,12,0,
11,3,10,13,8,15,7,9,1,6,5,14,2,4,12,0,
11,3,10,13,8,15,7,9,1,6,5,14,2,4,12,0,
11,3,10,13,8,15,7,9,1,6,5,14,2,4,12,0,
11,3,10,13,8,15,7,9,1,6,5,14,2,4,12,0,
11,3,10,13,8,15,7,9,1,6,5,14,2,4,12,0,
11,3,10,13,8,15,7,9,1,6,5,14,2,4,12,0,
11,3,10,13,8,15,7,9,1,6,5,14,2,4,12,0,
11,3,10,13,8,15,7,9,1,6,5,14,2,4,12,0,
11,3,10,13,8,15,7,9,1,6,5,14,2,4,12,0,
11,3,10,13,8,15,7,9,1,6,5,14,2,4,12,0,
11,3,10,13,8,15,7,9,1,6,5,14,2,4,12,0,
11,3,10,13,8,15,7,9,1,6,5,14,2,4,12,0,
11,3,10,13,8,15,7,9,1,6,5,14,2,4,12,0,
11,3,10,13,8,15,7,9,1,6,5,14,2,4,12,0,
11,3,10,13,8,15,7,9,1,6,5,14,2,4,12,0,
11,3,10,13,8,15,7,9,1,6,5,14,2,4,12,0,
11,3,10,13,8,15,7,9,1,6,5,14,2,4,12,0,
11,3,10,13,8,15,7,9,1,6,5,14,2,4,12,0,
11,3,10,13,8,15,7,9,1,6,5,14,2,4,12,0,
11,3,10,13,8,15,7,9,1,6,5,14,2,4,12,0,
11,3,10,13,8,15,7,9,1,6,5,14,2,4,12,0,
11,3,10,13,8,15,7,9,1,6,5,14,2,4,12,0,
11,3,10,13,8,15,7,9,1,6,5,14,2,4,12,0,
11,3,10,13,8,15,7,9,1,6,5,14,2,4,12,0,
11,3,10,13,8,15,7,9,1,6,5,14,2,4,12,0,
11,3,10,13,8,15,7,9,1,6,5,14,2,4,12,0,
11,3,10,13,8,15,7,9,1,6,5,14,2,4,12,0,
11,3,10,13,8,15,7,9,1,6,5,14,2,4,12,0,
11,3,10,13,8,15,7,9,1,6,5,14,2,4,12,0,
11,3,10,13,8,15,7,9,1,6,5,14,2,4,12,0,
11,3,10,13,8,15,7,9,1,6,5,14,2,4,12,0,
11,3,10,13,8,15,7,9,1,6,5,14,2,4,12,0,
11,3,10,13,8,15,7,9,1,6,5,14,2,4,12,0,
11,3,10,13,8,15,7,9,1,6,5,14,2,4,12,0,
11,3,10,13,8,15,7,9,1,6,5,14,2,4,12,0,
11,3,10,13,8,15,7,9,1,6,5,14,2,4,12,0,
11,3,10,13,8,15,7,9,1,6,5,14,2,4,12,0,
11,3,10,13,8,15,7,9,1,6,5,14,2,4,12,0,
11,3,10,13,8,15,7,9,1,6,5,14,2,4,12,0,
11,3,10,13,8,15,7,9,1,6,5,14,2,4,12,0,
11,3,10,13,8,15,7,9,1,6,5,14,2,4,12,0,
11,3,10,13,8,15,7,9,1,6,5,14,2,4,12,0,
11,3,10,13,8,15,7,9,1,6,5,14,2,4,12,0,
11,3,10,13,8,15,7,9,1,6,5,14,2,4,12,0,
11,3,10,13,8,15,7,9,1,6,5,14,2,4,12,0,
11,3,10,13,8,15,7,9,1,6,5,14,2,4,12,0,
11,3,10,13,8,15,7,9,1,6,5,14,2,4,12,0,
11,3,10,13,8,15,7,9,1,6,5,14,2,4,12,0,
11,3,10,13,8,15,7,9,1,6,5,14,2,4,12,0,
11,3,10,13,8,15,7,9,1,6,5,14,2,4,12,0,
11,3,10,13,8,15,7,9,1,6,5,14,2,4,12,0,
11,3,10,13,8,15,7,9,1,6,5,14,2,4,12,0,
11,3,10,13,8,15,7,9,1,6,5,14,2,4,12,0,
11,3,10,13,8,15,7,9,1,6,5,14,2,4,12,0,
11,3,10,13,8,15,7,9,1,6,5,14,2,4,12,0,
11,3,10,13,8,15,7,9,1,6,5,14,2,4,12,0,
11,3,10,13,8,15,7,9,1,6,5,14,2,4,12,0,
11,3,10,13,8,15,7,9,1,6,5,14,2,4,12,0,
11,3,10,13,8,15,7,9,1,6,5,14,2,4,12,0,
11,3,10,13,8,15,7,9,1,6,5,14,2,4,12,0,
11,3,10,13,8,15,7,9,1,6,5,14,2,4,12,0,
11,3,10,13,8,15,7,9,1,6,5,14,2,4,12,0,
11,3,10,13,8,15,7,9,1,6,5,14,2,4,12,0,
11,3,10,13,8,15,7,9,1,6,5,14,2,4,12,0,
11,3,10,13,8,15,7,9,1,6,5,14,2,4,12,0,
11,3,10,13,8,15,7,9,1,6,5,14,2,4,12,0,
11,3,10,13,8,15,7,9,1,6,5,14,2,4,12,0,
11,3,10,13,8,15,7,9,1,6,5,14,2,4,12,0,
11,3,10,13,8,15,7,9,1,6,5,14,2,4,12,0,
11,3,10,13,8,15,7,9,1,6,5,14,2,4,12,0,
11,3,10,13,8,15,7,9,1,6,5,14,2,4,12,0,
11,3,10,13,8,15,7,9,1,6,5,14,2,4,12,0,
11,3,10,13,8,15,7,9,1,6,5,14,2,4,12,0,
11,3,10,13,8,15,7,9,1,6,5,14,2,4,12,0,
11,3,10,13,8,15,7,9,1,6,5,14,2,4,12,0,
11,3,10,13,8,15,7,9,1,6,5,14,2,4,12,0,
11,3,10,13,8,15,7,9,1,6,5,14,2,4,12,0,
11,3,10,13,8,15,7,9,1,6,5,14,2,4,12,0,
11,3,10,13,8,15,7,9,1,6,5,14,2,4,12,0,
11,3,10,13,8,15,7,9,1,6,5,14,2,4,12,0,
11,3,10,13,8,15,7,9,1,6,5,14,2,4,12,0,
11,3,10,13,8,15,7,9,1,6,5,14,2,4,12,0,
11,3,10,13,8,15,7,9,1,6,5,14,2,4,12,0,
11,3,10,13,8,15,7,9,1,6,5,14,2,4,12,0,
11,3,10,13,8,15,7,9,1,6,5,14,2,4,12,0,
11,3,10,13,8,15,7,9,1,6,5,14,2,4,12,0,
11,3,10,13,8,15,7,9,1,6,5,14,2,4,12,0,
11,3,10,13,8,15,7,9,1,6,5,14,2,4,12,0,
11,3,10,13,8,15,7,9,1,6,5,14,2,4,12,0,
11,3,10,13,8,15,7,9,1,6,5,14,2,4,12,0,
11,3,10,13,8,15,7,9,1,6,5,14,2,4,12,0,
11,3,10,13,8,15,7,9,1,6,5,14,2,4,12,0,
11,3,10,13,8,15,7,9,1,6,5,14,2,4,12,0,
11,3,10,13,8,15,7,9,1,6,5,14,2,4,12,0,
11,3,10,13,8,15,7,9,1,6,5,14,2,4,12,0,
11,3,10,13,8,15,7,9,1,6,5,14,2,4,12,0,
11,3,10,13,8,15,7,9,1,6,5,14,2,4,12,0,
11,3,10,13,8,15,7,9,1,6,5,14,2,4,12,0,
11,3,10,13,8,15,7,9,1,6,5,14,2,4,12,0,
11,3,10,13,8,15,7,9,1,6,5,14,2,4,12,0,
11,3,10,13,8,15,7,9,1,6,5,14,2,4,12,0,
11,3,10,13,8,15,7,9,1,6,5,14,2,4,12,0,
11,3,10,13,8,15,7,9,1,6,5,14,2,4,12,0,
11,3,10,13,8,15,7,9,1,6,5,14,2,4,12,0,
11,3,10,13,8,15,7,9,1,6,5,14,2,4,12,0,
11,3,10,13,8,15,7,9,1,6,5,14,2,4,12,0,
11,3,10,13,8,15,7,9,1,6,5,14,2,4,12,0,
11,3,10,13,8,15,7,9,1,6,5,14,2,4,12,0,
11,3,10,13,8,15,7,9,1,6,5,14,2,4,12,0,
11,3,10,13,8,15,7,9,1,6,5,14,2,4,12,0,
11,3,10,13,8,15,7,9,1,6,5,14,2,4,12,0,
11,3,10,13,8,15,7,9,1,6,5,14,2,4,12,0,
