3,7,1,6,5,4,8,2,9,0,
3,7,1,6,5,4,8,2,9,0,
3,7,1,6,5,4,8,2,9,0,
3,7,1,6,5,4,8,2,9,0,
3,7,1,6,5,4,8,2,9,0,
3,7,1,6,5,4,8,2,9,0,
3,7,1,6,5,4,8,2,9,0,
3,7,1,6,5,4,8,2,9,0,
3,7,1,6,5,4,8,2,9,0,
3,7,1,6,5,4,8,2,9,0,
3,7,1,6,5,4,8,2,9,0,
3,7,1,6,5,4,8,2,9,0,
3,7,1,6,5,4,8,2,9,0,
3,7,1,6,5,4,8,2,9,0,
3,7,1,6,5,4,8,2,9,0,
3,7,1,6,5,4,8,2,9,0,
3,7,1,6,5,4,8,2,9,0,
3,7,1,6,5,4,8,2,9,0,
3,7,1,6,5,4,8,2,9,0,
3,7,1,6,5,4,8,2,9,0,
3,7,1,6,5,4,8,2,9,0,
3,7,1,6,5,4,8,2,9,0,
3,7,1,6,5,4,8,2,9,0,
3,7,1,6,5,4,8,2,9,0,
3,7,1,6,5,4,8,2,9,0,
3,7,1,6,5,4,8,2,9,0,
3,7,1,6,5,4,8,2,9,0,
3,7,1,6,5,4,8,2,9,0,
3,7,1,6,5,4,8,2,9,0,
3,7,1,6,5,4,8,2,9,0,
3,7,1,6,5,4,8,2,9,0,
3,7,1,6,5,4,8,2,9,0,
3,7,1,6,5,4,8,2,9,0,
3,7,1,6,5,4,8,2,9,0,
3,7,1,6,5,4,8,2,9,0,
3,7,1,6,5,4,8,2,9,0,
3,7,1,6,5,4,8,2,9,0,
3,7,1,6,5,4,8,2,9,0,
3,7,1,6,5,4,8,2,9,0,
3,7,1,6,5,4,8,2,9,0,
3,7,1,6,5,4,8,2,9,0,
3,7,1,6,5,4,8,2,9,0,
3,7,1,6,5,4,8,2,9,0,
3,7,1,6,5,4,8,2,9,0,
3,7,1,6,5,4,8,2,9,0,
3,7,1,6,5,4,8,2,9,0,
3,7,1,6,5,4,8,2,9,0,
3,7,1,6,5,4,8,2,9,0,
3,7,1,6,5,4,8,2,9,0,
3,7,1,6,5,4,8,2,9,0,
3,7,1,6,5,4,8,2,9,0,
3,7,1,6,5,4,8,2,9,0,
3,7,1,6,5,4,8,2,9,0,
3,7,1,6,5,4,8,2,9,0,
3,7,1,6,5,4,8,2,9,0,
3,7,1,6,5,4,8,2,9,0,
3,7,1,6,5,4,8,2,9,0,
3,7,1,6,5,4,8,2,9,0,
3,7,1,6,5,4,8,2,9,0,
3,7,1,6,5,4,8,2,9,0,
3,7,1,6,5,4,8,2,9,0,
3,7,1,6,5,4,8,2,9,0,
3,7,1,6,5,4,8,2,9,0,
3,7,1,6,5,4,8,2,9,0,
3,7,1,6,5,4,8,2,9,0,
3,7,1,6,5,4,8,2,9,0,
3,7,1,6,5,4,8,2,9,0,
3,7,1,6,5,4,8,2,9,0,
3,7,1,6,5,4,8,2,9,0,
3,7,1,6,5,4,8,2,9,0,
3,7,1,6,5,4,8,2,9,0,
3,7,1,6,5,4,8,2,9,0,
3,7,1,6,5,4,8,2,9,0,
3,7,1,6,5,4,8,2,9,0,
3,7,1,6,5,4,8,2,9,0,
3,7,1,6,5,4,8,2,9,0,
3,7,1,6,5,4,8,2,9,0,
3,7,1,6,5,4,8,2,9,0,
3,7,1,6,5,4,8,2,9,0,
3,7,1,6,5,4,8,2,9,0,
3,7,1,6,5,4,8,2,9,0,
3,7,1,6,5,4,8,2,9,0,
3,7,1,6,5,4,8,2,9,0,
3,7,1,6,5,4,8,2,9,0,
3,7,1,6,5,4,8,2,9,0,
3,7,1,6,5,4,8,2,9,0,
3,7,1,6,5,4,8,2,9,0,
3,7,1,6,5,4,8,2,9,0,
3,7,1,6,5,4,8,2,9,0,
3,7,1,6,5,4,8,2,9,0,
3,7,1,6,5,4,8,2,9,0,
3,7,1,6,5,4,8,2,9,0,
3,7,1,6,5,4,8,2,9,0,
3,7,1,6,5,4,8,2,9,0,
3,7,1,6,5,4,8,2,9,0,
3,7,1,6,5,4,8,2,9,0,
3,7,1,6,5,4,8,2,9,0,
3,7,1,6,5,4,8,2,9,0,
3,7,1,6,5,4,8,2,9,0,
3,7,1,6,5,4,8,2,9,0,
3,7,1,6,5,4,8,2,9,0,
3,7,1,6,5,4,8,2,9,0,
3,7,1,6,5,4,8,2,9,0,
3,7,1,6,5,4,8,2,9,0,
3,7,1,6,5,4,8,2,9,0,
3,7,1,6,5,4,8,2,9,0,
3,7,1,6,5,4,8,2,9,0,
3,7,1,6,5,4,8,2,9,0,
3,7,1,6,5,4,8,2,9,0,
3,7,1,6,5,4,8,2,9,0,
3,7,1,6,5,4,8,2,9,0,
3,7,1,6,5,4,8,2,9,0,
3,7,1,6,5,4,8,2,9,0,
3,7,1,6,5,4,8,2,9,0,
3,7,1,6,5,4,8,2,9,0,
3,7,1,6,5,4,8,2,9,0,
3,7,1,6,5,4,8,2,9,0,
3,7,1,6,5,4,8,2,9,0,
3,7,1,6,5,4,8,2,9,0,
3,7,1,6,5,4,8,2,9,0,
3,7,1,6,5,4,8,2,9,0,
3,7,1,6,5,4,8,2,9,0,
3,7,1,6,5,4,8,2,9,0,
3,7,1,6,5,4,8,2,9,0,
3,7,1,6,5,4,8,2,9,0,
3,7,1,6,5,4,8,2,9,0,
3,7,1,6,5,4,8,2,9,0,
3,7,1,6,5,4,8,2,9,0,
3,7,1,6,5,4,8,2,9,0,
3,7,1,6,5,4,8,2,9,0,
3,7,1,6,5,4,8,2,9,0,
3,7,1,6,5,4,8,2,9,0,
3,7,1,6,5,4,8,2,9,0,
3,7,1,6,5,4,8,2,9,0,
3,7,1,6,5,4,8,2,9,0,
3,7,1,6,5,4,8,2,9,0,
3,7,1,6,5,4,8,2,9,0,
3,7,1,6,5,4,8,2,9,0,
3,7,1,6,5,4,8,2,9,0,
3,7,1,6,5,4,8,2,9,0,
3,7,1,6,5,4,8,2,9,0,
3,7,1,6,5,4,8,2,9,0,
3,7,1,6,5,4,8,2,9,0,
3,7,1,6,5,4,8,2,9,0,
3,7,1,6,5,4,8,2,9,0,
3,7,1,6,5,4,8,2,9,0,
3,7,1,6,5,4,8,2,9,0,
3,7,1,6,5,4,8,2,9,0,
3,7,1,6,5,4,8,2,9,0,
3,7,1,6,5,4,8,2,9,0,
3,7,1,6,5,4,8,2,9,0,
3,7,1,6,5,4,8,2,9,0,
3,7,1,6,5,4,8,2,9,0,
3,7,1,6,5,4,8,2,9,0,
3,7,1,6,5,4,8,2,9,0,
3,7,1,6,5,4,8,2,9,0,
3,7,1,6,5,4,8,2,9,0,
3,7,1,6,5,4,8,2,9,0,
3,7,1,6,5,4,8,2,9,0,
3,7,1,6,5,4,8,2,9,0,
3,7,1,6,5,4,8,2,9,0,
3,7,1,6,5,4,8,2,9,0,
3,7,1,6,5,4,8,2,9,0,
3,7,1,6,5,4,8,2,9,0,
3,7,1,6,5,4,8,2,9,0,
3,7,1,6,5,4,8,2,9,0,
3,7,1,6,5,4,8,2,9,0,
3,7,1,6,5,4,8,2,9,0,
3,7,1,6,5,4,8,2,9,0,
3,7,1,6,5,4,8,2,9,0,
3,7,1,6,5,4,8,2,9,0,
3,7,1,6,5,4,8,2,9,0,
3,7,1,6,5,4,8,2,9,0,
3,7,1,6,5,4,8,2,9,0,
3,7,1,6,5,4,8,2,9,0,
3,7,1,6,5,4,8,2,9,0,
3,7,1,6,5,4,8,2,9,0,
3,7,1,6,5,4,8,2,9,0,
3,7,1,6,5,4,8,2,9,0,
3,7,1,6,5,4,8,2,9,0,
3,7,1,6,5,4,8,2,9,0,
3,7,1,6,5,4,8,2,9,0,
3,7,1,6,5,4,8,2,9,0,
3,7,1,6,5,4,8,2,9,0,
3,7,1,6,5,4,8,2,9,0,
3,7,1,6,5,4,8,2,9,0,
3,7,1,6,5,4,8,2,9,0,
3,7,1,6,5,4,8,2,9,0,
3,7,1,6,5,4,8,2,9,0,
3,7,1,6,5,4,8,2,9,0,
3,7,1,6,5,4,8,2,9,0,
3,7,1,6,5,4,8,2,9,0,
3,7,1,6,5,4,8,2,9,0,
3,7,1,6,5,4,8,2,9,0,
3,7,1,6,5,4,8,2,9,0,
3,7,1,6,5,4,8,2,9,0,
3,7,1,6,5,4,8,2,9,0,
3,7,1,6,5,4,8,2,9,0,
3,7,1,6,5,4,8,2,9,0,
3,7,1,6,5,4,8,2,9,0,
3,7,1,6,5,4,8,2,9,0,
3,7,1,6,5,4,8,2,9,0,
3,7,1,6,5,4,8,2,9,0,
3,7,1,6,5,4,8,2,9,0,
3,7,1,6,5,4,8,2,9,0,
3,7,1,6,5,4,8,2,9,0,
3,7,1,6,5,4,8,2,9,0,
3,7,1,6,5,4,8,2,9,0,
3,7,1,6,5,4,8,2,9,0,
3,7,1,6,5,4,8,2,9,0,
3,7,1,6,5,4,8,2,9,0,
3,7,1,6,5,4,8,2,9,0,
3,7,1,6,5,4,8,2,9,0,
3,7,1,6,5,4,8,2,9,0,
3,7,1,6,5,4,8,2,9,0,
3,7,1,6,5,4,8,2,9,0,
3,7,1,6,5,4,8,2,9,0,
3,7,1,6,5,4,8,2,9,0,
3,7,1,6,5,4,8,2,9,0,
3,7,1,6,5,4,8,2,9,0,
3,7,1,6,5,4,8,2,9,0,
3,7,1,6,5,4,8,2,9,0,
3,7,1,6,5,4,8,2,9,0,
3,7,1,6,5,4,8,2,9,0,
3,7,1,6,5,4,8,2,9,0,
3,7,1,6,5,4,8,2,9,0,
3,7,1,6,5,4,8,2,9,0,
3,7,1,6,5,4,8,2,9,0,
3,7,1,6,5,4,8,2,9,0,
3,7,1,6,5,4,8,2,9,0,
3,7,1,6,5,4,8,2,9,0,
3,7,1,6,5,4,8,2,9,0,
3,7,1,6,5,4,8,2,9,0,
3,7,1,6,5,4,8,2,9,0,
3,7,1,6,5,4,8,2,9,0,
3,7,1,6,5,4,8,2,9,0,
3,7,1,6,5,4,8,2,9,0,
3,7,1,6,5,4,8,2,9,0,
3,7,1,6,5,4,8,2,9,0,
3,7,1,6,5,4,8,2,9,0,
3,7,1,6,5,4,8,2,9,0,
3,7,1,6,5,4,8,2,9,0,
3,7,1,6,5,4,8,2,9,0,
3,7,1,6,5,4,8,2,9,0,
3,7,1,6,5,4,8,2,9,0,
3,7,1,6,5,4,8,2,9,0,
3,7,1,6,5,4,8,2,9,0,
3,7,1,6,5,4,8,2,9,0,
3,7,1,6,5,4,8,2,9,0,
3,7,1,6,5,4,8,2,9,0,
3,7,1,6,5,4,8,2,9,0,
3,7,1,6,5,4,8,2,9,0,
3,7,1,6,5,4,8,2,9,0,
3,7,1,6,5,4,8,2,9,0,
3,7,1,6,5,4,8,2,9,0,
3,7,1,6,5,4,8,2,9,0,
3,7,1,6,5,4,8,2,9,0,
3,7,1,6,5,4,8,2,9,0,
3,7,1,6,5,4,8,2,9,0,
3,7,1,6,5,4,8,2,9,0,
3,7,1,6,5,4,8,2,9,0,
3,7,1,6,5,4,8,2,9,0,
3,7,1,6,5,4,8,2,9,0,
3,7,1,6,5,4,8,2,9,0,
3,7,1,6,5,4,8,2,9,0,
3,7,1,6,5,4,8,2,9,0,
3,7,1,6,5,4,8,2,9,0,
3,7,1,6,5,4,8,2,9,0,
3,7,1,6,5,4,8,2,9,0,
3,7,1,6,5,4,8,2,9,0,
3,7,1,6,5,4,8,2,9,0,
3,7,1,6,5,4,8,2,9,0,
3,7,1,6,5,4,8,2,9,0,
3,7,1,6,5,4,8,2,9,0,
3,7,1,6,5,4,8,2,9,0,
3,7,1,6,5,4,8,2,9,0,
3,7,1,6,5,4,8,2,9,0,
3,7,1,6,5,4,8,2,9,0,
3,7,1,6,5,4,8,2,9,0,
3,7,1,6,5,4,8,2,9,0,
3,7,1,6,5,4,8,2,9,0,
3,7,1,6,5,4,8,2,9,0,
3,7,1,6,5,4,8,2,9,0,
3,7,1,6,5,4,8,2,9,0,
3,7,1,6,5,4,8,2,9,0,
3,7,1,6,5,4,8,2,9,0,
3,7,1,6,5,4,8,2,9,0,
3,7,1,6,5,4,8,2,9,0,
3,7,1,6,5,4,8,2,9,0,
3,7,1,6,5,4,8,2,9,0,
3,7,1,6,5,4,8,2,9,0,
3,7,1,6,5,4,8,2,9,0,
3,7,1,6,5,4,8,2,9,0,
3,7,1,6,5,4,8,2,9,0,
3,7,1,6,5,4,8,2,9,0,
3,7,1,6,5,4,8,2,9,0,
3,7,1,6,5,4,8,2,9,0,
3,7,1,6,5,4,8,2,9,0,
3,7,1,6,5,4,8,2,9,0,
3,7,1,6,5,4,8,2,9,0,
3,7,1,6,5,4,8,2,9,0,
3,7,1,6,5,4,8,2,9,0,
3,7,1,6,5,4,8,2,9,0,
3,7,1,6,5,4,8,2,9,0,
3,7,1,6,5,4,8,2,9,0,
3,7,1,6,5,4,8,2,9,0,
3,7,1,6,5,4,8,2,9,0,
3,7,1,6,5,4,8,2,9,0,
3,7,1,6,5,4,8,2,9,0,
3,7,1,6,5,4,8,2,9,0,
3,7,1,6,5,4,8,2,9,0,
3,7,1,6,5,4,8,2,9,0,
3,7,1,6,5,4,8,2,9,0,
3,7,1,6,5,4,8,2,9,0,
3,7,1,6,5,4,8,2,9,0,
3,7,1,6,5,4,8,2,9,0,
3,7,1,6,5,4,8,2,9,0,
3,7,1,6,5,4,8,2,9,0,
3,7,1,6,5,4,8,2,9,0,
3,7,1,6,5,4,8,2,9,0,
3,7,1,6,5,4,8,2,9,0,
3,7,1,6,5,4,8,2,9,0,
3,7,1,6,5,4,8,2,9,0,
3,7,1,6,5,4,8,2,9,0,
3,7,1,6,5,4,8,2,9,0,
3,7,1,6,5,4,8,2,9,0,
3,7,1,6,5,4,8,2,9,0,
3,7,1,6,5,4,8,2,9,0,
3,7,1,6,5,4,8,2,9,0,
3,7,1,6,5,4,8,2,9,0,
3,7,1,6,5,4,8,2,9,0,
3,7,1,6,5,4,8,2,9,0,
3,7,1,6,5,4,8,2,9,0,
3,7,1,6,5,4,8,2,9,0,
3,7,1,6,5,4,8,2,9,0,
3,7,1,6,5,4,8,2,9,0,
3,7,1,6,5,4,8,2,9,0,
3,7,1,6,5,4,8,2,9,0,
3,7,1,6,5,4,8,2,9,0,
3,7,1,6,5,4,8,2,9,0,
3,7,1,6,5,4,8,2,9,0,
3,7,1,6,5,4,8,2,9,0,
3,7,1,6,5,4,8,2,9,0,
3,7,1,6,5,4,8,2,9,0,
3,7,1,6,5,4,8,2,9,0,
3,7,1,6,5,4,8,2,9,0,
3,7,1,6,5,4,8,2,9,0,
3,7,1,6,5,4,8,2,9,0,
3,7,1,6,5,4,8,2,9,0,
3,7,1,6,5,4,8,2,9,0,
3,7,1,6,5,4,8,2,9,0,
3,7,1,6,5,4,8,2,9,0,
3,7,1,6,5,4,8,2,9,0,
3,7,1,6,5,4,8,2,9,0,
3,7,1,6,5,4,8,2,9,0,
3,7,1,6,5,4,8,2,9,0,
3,7,1,6,5,4,8,2,9,0,
3,7,1,6,5,4,8,2,9,0,
3,7,1,6,5,4,8,2,9,0,
3,7,1,6,5,4,8,2,9,0,
3,7,1,6,5,4,8,2,9,0,
3,7,1,6,5,4,8,2,9,0,
3,7,1,6,5,4,8,2,9,0,
3,7,1,6,5,4,8,2,9,0,
3,7,1,6,5,4,8,2,9,0,
3,7,1,6,5,4,8,2,9,0,
3,7,1,6,5,4,8,2,9,0,
3,7,1,6,5,4,8,2,9,0,
3,7,1,6,5,4,8,2,9,0,
3,7,1,6,5,4,8,2,9,0,
3,7,1,6,5,4,8,2,9,0,
3,7,1,6,5,4,8,2,9,0,
3,7,1,6,5,4,8,2,9,0,
3,7,1,6,5,4,8,2,9,0,
3,7,1,6,5,4,8,2,9,0,
3,7,1,6,5,4,8,2,9,0,
3,7,1,6,5,4,8,2,9,0,
3,7,1,6,5,4,8,2,9,0,
3,7,1,6,5,4,8,2,9,0,
3,7,1,6,5,4,8,2,9,0,
3,7,1,6,5,4,8,2,9,0,
3,7,1,6,5,4,8,2,9,0,
3,7,1,6,5,4,8,2,9,0,
3,7,1,6,5,4,8,2,9,0,
3,7,1,6,5,4,8,2,9,0,
3,7,1,6,5,4,8,2,9,0,
3,7,1,6,5,4,8,2,9,0,
3,7,1,6,5,4,8,2,9,0,
3,7,1,6,5,4,8,2,9,0,
3,7,1,6,5,4,8,2,9,0,
3,7,1,6,5,4,8,2,9,0,
3,7,1,6,5,4,8,2,9,0,
3,7,1,6,5,4,8,2,9,0,
3,7,1,6,5,4,8,2,9,0,
3,7,1,6,5,4,8,2,9,0,
3,7,1,6,5,4,8,2,9,0,
3,7,1,6,5,4,8,2,9,0,
3,7,1,6,5,4,8,2,9,0,
3,7,1,6,5,4,8,2,9,0,
3,7,1,6,5,4,8,2,9,0,
3,7,1,6,5,4,8,2,9,0,
3,7,1,6,5,4,8,2,9,0,
3,7,1,6,5,4,8,2,9,0,
3,7,1,6,5,4,8,2,9,0,
3,7,1,6,5,4,8,2,9,0,
3,7,1,6,5,4,8,2,9,0,
3,7,1,6,5,4,8,2,9,0,
3,7,1,6,5,4,8,2,9,0,
3,7,1,6,5,4,8,2,9,0,
3,7,1,6,5,4,8,2,9,0,
3,7,1,6,5,4,8,2,9,0,
3,7,1,6,5,4,8,2,9,0,
3,7,1,6,5,4,8,2,9,0,
3,7,1,6,5,4,8,2,9,0,
3,7,1,6,5,4,8,2,9,0,
3,7,1,6,5,4,8,2,9,0,
3,7,1,6,5,4,8,2,9,0,
3,7,1,6,5,4,8,2,9,0,
3,7,1,6,5,4,8,2,9,0,
3,7,1,6,5,4,8,2,9,0,
3,7,1,6,5,4,8,2,9,0,
3,7,1,6,5,4,8,2,9,0,
3,7,1,6,5,4,8,2,9,0,
3,7,1,6,5,4,8,2,9,0,
3,7,1,6,5,4,8,2,9,0,
3,7,1,6,5,4,8,2,9,0,
3,7,1,6,5,4,8,2,9,0,
3,7,1,6,5,4,8,2,9,0,
3,7,1,6,5,4,8,2,9,0,
3,7,1,6,5,4,8,2,9,0,
3,7,1,6,5,4,8,2,9,0,
3,7,1,6,5,4,8,2,9,0,
3,7,1,6,5,4,8,2,9,0,
3,7,1,6,5,4,8,2,9,0,
3,7,1,6,5,4,8,2,9,0,
3,7,1,6,5,4,8,2,9,0,
3,7,1,6,5,4,8,2,9,0,
3,7,1,6,5,4,8,2,9,0,
3,7,1,6,5,4,8,2,9,0,
3,7,1,6,5,4,8,2,9,0,
3,7,1,6,5,4,8,2,9,0,
3,7,1,6,5,4,8,2,9,0,
3,7,1,6,5,4,8,2,9,0,
3,7,1,6,5,4,8,2,9,0,
3,7,1,6,5,4,8,2,9,0,
3,7,1,6,5,4,8,2,9,0,
3,7,1,6,5,4,8,2,9,0,
3,7,1,6,5,4,8,2,9,0,
3,7,1,6,5,4,8,2,9,0,
3,7,1,6,5,4,8,2,9,0,
3,7,1,6,5,4,8,2,9,0,
3,7,1,6,5,4,8,2,9,0,
3,7,1,6,5,4,8,2,9,0,
3,7,1,6,5,4,8,2,9,0,
3,7,1,6,5,4,8,2,9,0,
3,7,1,6,5,4,8,2,9,0,
3,7,1,6,5,4,8,2,9,0,
3,7,1,6,5,4,8,2,9,0,
3,7,1,6,5,4,8,2,9,0,
3,7,1,6,5,4,8,2,9,0,
3,7,1,6,5,4,8,2,9,0,
3,7,1,6,5,4,8,2,9,0,
3,7,1,6,5,4,8,2,9,0,
3,7,1,6,5,4,8,2,9,0,
3,7,1,6,5,4,8,2,9,0,
3,7,1,6,5,4,8,2,9,0,
3,7,1,6,5,4,8,2,9,0,
3,7,1,6,5,4,8,2,9,0,
3,7,1,6,5,4,8,2,9,0,
3,7,1,6,5,4,8,2,9,0,
3,7,1,6,5,4,8,2,9,0,
3,7,1,6,5,4,8,2,9,0,
3,7,1,6,5,4,8,2,9,0,
3,7,1,6,5,4,8,2,9,0,
3,7,1,6,5,4,8,2,9,0,
3,7,1,6,5,4,8,2,9,0,
3,7,1,6,5,4,8,2,9,0,
3,7,1,6,5,4,8,2,9,0,
3,7,1,6,5,4,8,2,9,0,
3,7,1,6,5,4,8,2,9,0,
3,7,1,6,5,4,8,2,9,0,
3,7,1,6,5,4,8,2,9,0,
3,7,1,6,5,4,8,2,9,0,
3,7,1,6,5,4,8,2,9,0,
3,7,1,6,5,4,8,2,9,0,
3,7,1,6,5,4,8,2,9,0,
3,7,1,6,5,4,8,2,9,0,
3,7,1,6,5,4,8,2,9,0,
3,7,1,6,5,4,8,2,9,0,
3,7,1,6,5,4,8,2,9,0,
3,7,1,6,5,4,8,2,9,0,
3,7,1,6,5,4,8,2,9,0,
3,7,1,6,5,4,8,2,9,0,
3,7,1,6,5,4,8,2,9,0,
3,7,1,6,5,4,8,2,9,0,
3,7,1,6,5,4,8,2,9,0,
3,7,1,6,5,4,8,2,9,0,
3,7,1,6,5,4,8,2,9,0,
3,7,1,6,5,4,8,2,9,0,
3,7,1,6,5,4,8,2,9,0,
3,7,1,6,5,4,8,2,9,0,
3,7,1,6,5,4,8,2,9,0,
3,7,1,6,5,4,8,2,9,0,
3,7,1,6,5,4,8,2,9,0,
3,7,1,6,5,4,8,2,9,0,
3,7,1,6,5,4,8,2,9,0,
3,7,1,6,5,4,8,2,9,0,
3,7,1,6,5,4,8,2,9,0,
3,7,1,6,5,4,8,2,9,0,
3,7,1,6,5,4,8,2,9,0,
3,7,1,6,5,4,8,2,9,0,
3,7,1,6,5,4,8,2,9,0,
3,7,1,6,5,4,8,2,9,0,
3,7,1,6,5,4,8,2,9,0,
3,7,1,6,5,4,8,2,9,0,
3,7,1,6,5,4,8,2,9,0,
3,7,1,6,5,4,8,2,9,0,
3,7,1,6,5,4,8,2,9,0,
3,7,1,6,5,4,8,2,9,0,
3,7,1,6,5,4,8,2,9,0,
3,7,1,6,5,4,8,2,9,0,
3,7,1,6,5,4,8,2,9,0,
3,7,1,6,5,4,8,2,9,0,
3,7,1,6,5,4,8,2,9,0,
3,7,1,6,5,4,8,2,9,0,
3,7,1,6,5,4,8,2,9,0,
3,7,1,6,5,4,8,2,9,0,
3,7,1,6,5,4,8,2,9,0,
3,7,1,6,5,4,8,2,9,0,
3,7,1,6,5,4,8,2,9,0,
3,7,1,6,5,4,8,2,9,0,
3,7,1,6,5,4,8,2,9,0,
3,7,1,6,5,4,8,2,9,0,
3,7,1,6,5,4,8,2,9,0,
3,7,1,6,5,4,8,2,9,0,
3,7,1,6,5,4,8,2,9,0,
3,7,1,6,5,4,8,2,9,0,
3,7,1,6,5,4,8,2,9,0,
3,7,1,6,5,4,8,2,9,0,
3,7,1,6,5,4,8,2,9,0,
3,7,1,6,5,4,8,2,9,0,
3,7,1,6,5,4,8,2,9,0,
3,7,1,6,5,4,8,2,9,0,
3,7,1,6,5,4,8,2,9,0,
3,7,1,6,5,4,8,2,9,0,
3,7,1,6,5,4,8,2,9,0,
3,7,1,6,5,4,8,2,9,0,
3,7,1,6,5,4,8,2,9,0,
3,7,1,6,5,4,8,2,9,0,
3,7,1,6,5,4,8,2,9,0,
3,7,1,6,5,4,8,2,9,0,
3,7,1,6,5,4,8,2,9,0,
3,7,1,6,5,4,8,2,9,0,
3,7,1,6,5,4,8,2,9,0,
3,7,1,6,5,4,8,2,9,0,
3,7,1,6,5,4,8,2,9,0,
3,7,1,6,5,4,8,2,9,0,
3,7,1,6,5,4,8,2,9,0,
3,7,1,6,5,4,8,2,9,0,
3,7,1,6,5,4,8,2,9,0,
3,7,1,6,5,4,8,2,9,0,
3,7,1,6,5,4,8,2,9,0,
3,7,1,6,5,4,8,2,9,0,
3,7,1,6,5,4,8,2,9,0,
3,7,1,6,5,4,8,2,9,0,
3,7,1,6,5,4,8,2,9,0,
3,7,1,6,5,4,8,2,9,0,
3,7,1,6,5,4,8,2,9,0,
3,7,1,6,5,4,8,2,9,0,
3,7,1,6,5,4,8,2,9,0,
3,7,1,6,5,4,8,2,9,0,
3,7,1,6,5,4,8,2,9,0,
3,7,1,6,5,4,8,2,9,0,
3,7,1,6,5,4,8,2,9,0,
3,7,1,6,5,4,8,2,9,0,
3,7,1,6,5,4,8,2,9,0,
3,7,1,6,5,4,8,2,9,0,
3,7,1,6,5,4,8,2,9,0,
3,7,1,6,5,4,8,2,9,0,
3,7,1,6,5,4,8,2,9,0,
3,7,1,6,5,4,8,2,9,0,
3,7,1,6,5,4,8,2,9,0,
3,7,1,6,5,4,8,2,9,0,
3,7,1,6,5,4,8,2,9,0,
3,7,1,6,5,4,8,2,9,0,
3,7,1,6,5,4,8,2,9,0,
3,7,1,6,5,4,8,2,9,0,
3,7,1,6,5,4,8,2,9,0,
3,7,1,6,5,4,8,2,9,0,
3,7,1,6,5,4,8,2,9,0,
3,7,1,6,5,4,8,2,9,0,
3,7,1,6,5,4,8,2,9,0,
3,7,1,6,5,4,8,2,9,0,
3,7,1,6,5,4,8,2,9,0,
3,7,1,6,5,4,8,2,9,0,
3,7,1,6,5,4,8,2,9,0,
3,7,1,6,5,4,8,2,9,0,
3,7,1,6,5,4,8,2,9,0,
3,7,1,6,5,4,8,2,9,0,
3,7,1,6,5,4,8,2,9,0,
3,7,1,6,5,4,8,2,9,0,
3,7,1,6,5,4,8,2,9,0,
3,7,1,6,5,4,8,2,9,0,
3,7,1,6,5,4,8,2,9,0,
3,7,1,6,5,4,8,2,9,0,
3,7,1,6,5,4,8,2,9,0,
3,7,1,6,5,4,8,2,9,0,
3,7,1,6,5,4,8,2,9,0,
3,7,1,6,5,4,8,2,9,0,
3,7,1,6,5,4,8,2,9,0,
3,7,1,6,5,4,8,2,9,0,
3,7,1,6,5,4,8,2,9,0,
3,7,1,6,5,4,8,2,9,0,
3,7,1,6,5,4,8,2,9,0,
3,7,1,6,5,4,8,2,9,0,
3,7,1,6,5,4,8,2,9,0,
3,7,1,6,5,4,8,2,9,0,
3,7,1,6,5,4,8,2,9,0,
3,7,1,6,5,4,8,2,9,0,
3,7,1,6,5,4,8,2,9,0,
3,7,1,6,5,4,8,2,9,0,
3,7,1,6,5,4,8,2,9,0,
3,7,1,6,5,4,8,2,9,0,
3,7,1,6,5,4,8,2,9,0,
3,7,1,6,5,4,8,2,9,0,
3,7,1,6,5,4,8,2,9,0,
3,7,1,6,5,4,8,2,9,0,
3,7,1,6,5,4,8,2,9,0,
3,7,1,6,5,4,8,2,9,0,
3,7,1,6,5,4,8,2,9,0,
3,7,1,6,5,4,8,2,9,0,
3,7,1,6,5,4,8,2,9,0,
3,7,1,6,5,4,8,2,9,0,
3,7,1,6,5,4,8,2,9,0,
3,7,1,6,5,4,8,2,9,0,
3,7,1,6,5,4,8,2,9,0,
3,7,1,6,5,4,8,2,9,0,
3,7,1,6,5,4,8,2,9,0,
3,7,1,6,5,4,8,2,9,0,
3,7,1,6,5,4,8,2,9,0,
3,7,1,6,5,4,8,2,9,0,
3,7,1,6,5,4,8,2,9,0,
3,7,1,6,5,4,8,2,9,0,
3,7,1,6,5,4,8,2,9,0,
3,7,1,6,5,4,8,2,9,0,
3,7,1,6,5,4,8,2,9,0,
3,7,1,6,5,4,8,2,9,0,
3,7,1,6,5,4,8,2,9,0,
3,7,1,6,5,4,8,2,9,0,
3,7,1,6,5,4,8,2,9,0,
3,7,1,6,5,4,8,2,9,0,
3,7,1,6,5,4,8,2,9,0,
3,7,1,6,5,4,8,2,9,0,
3,7,1,6,5,4,8,2,9,0,
3,7,1,6,5,4,8,2,9,0,
3,7,1,6,5,4,8,2,9,0,
3,7,1,6,5,4,8,2,9,0,
3,7,1,6,5,4,8,2,9,0,
3,7,1,6,5,4,8,2,9,0,
3,7,1,6,5,4,8,2,9,0,
3,7,1,6,5,4,8,2,9,0,
3,7,1,6,5,4,8,2,9,0,
3,7,1,6,5,4,8,2,9,0,
3,7,1,6,5,4,8,2,9,0,
3,7,1,6,5,4,8,2,9,0,
3,7,1,6,5,4,8,2,9,0,
3,7,1,6,5,4,8,2,9,0,
3,7,1,6,5,4,8,2,9,0,
3,7,1,6,5,4,8,2,9,0,
3,7,1,6,5,4,8,2,9,0,
3,7,1,6,5,4,8,2,9,0,
3,7,1,6,5,4,8,2,9,0,
3,7,1,6,5,4,8,2,9,0,
3,7,1,6,5,4,8,2,9,0,
3,7,1,6,5,4,8,2,9,0,
3,7,1,6,5,4,8,2,9,0,
3,7,1,6,5,4,8,2,9,0,
3,7,1,6,5,4,8,2,9,0,
3,7,1,6,5,4,8,2,9,0,
3,7,1,6,5,4,8,2,9,0,
3,7,1,6,5,4,8,2,9,0,
3,7,1,6,5,4,8,2,9,0,
3,7,1,6,5,4,8,2,9,0,
3,7,1,6,5,4,8,2,9,0,
3,7,1,6,5,4,8,2,9,0,
3,7,1,6,5,4,8,2,9,0,
3,7,1,6,5,4,8,2,9,0,
3,7,1,6,5,4,8,2,9,0,
3,7,1,6,5,4,8,2,9,0,
3,7,1,6,5,4,8,2,9,0,
3,7,1,6,5,4,8,2,9,0,
3,7,1,6,5,4,8,2,9,0,
3,7,1,6,5,4,8,2,9,0,
3,7,1,6,5,4,8,2,9,0,
3,7,1,6,5,4,8,2,9,0,
3,7,1,6,5,4,8,2,9,0,
3,7,1,6,5,4,8,2,9,0,
3,7,1,6,5,4,8,2,9,0,
3,7,1,6,5,4,8,2,9,0,
3,7,1,6,5,4,8,2,9,0,
3,7,1,6,5,4,8,2,9,0,
3,7,1,6,5,4,8,2,9,0,
3,7,1,6,5,4,8,2,9,0,
3,7,1,6,5,4,8,2,9,0,
3,7,1,6,5,4,8,2,9,0,
3,7,1,6,5,4,8,2,9,0,
3,7,1,6,5,4,8,2,9,0,
3,7,1,6,5,4,8,2,9,0,
3,7,1,6,5,4,8,2,9,0,
3,7,1,6,5,4,8,2,9,0,
3,7,1,6,5,4,8,2,9,0,
3,7,1,6,5,4,8,2,9,0,
3,7,1,6,5,4,8,2,9,0,
3,7,1,6,5,4,8,2,9,0,
3,7,1,6,5,4,8,2,9,0,
3,7,1,6,5,4,8,2,9,0,
3,7,1,6,5,4,8,2,9,0,
3,7,1,6,5,4,8,2,9,0,
3,7,1,6,5,4,8,2,9,0,
3,7,1,6,5,4,8,2,9,0,
3,7,1,6,5,4,8,2,9,0,
3,7,1,6,5,4,8,2,9,0,
3,7,1,6,5,4,8,2,9,0,
3,7,1,6,5,4,8,2,9,0,
3,7,1,6,5,4,8,2,9,0,
3,7,1,6,5,4,8,2,9,0,
3,7,1,6,5,4,8,2,9,0,
3,7,1,6,5,4,8,2,9,0,
3,7,1,6,5,4,8,2,9,0,
3,7,1,6,5,4,8,2,9,0,
3,7,1,6,5,4,8,2,9,0,
3,7,1,6,5,4,8,2,9,0,
3,7,1,6,5,4,8,2,9,0,
3,7,1,6,5,4,8,2,9,0,
3,7,1,6,5,4,8,2,9,0,
3,7,1,6,5,4,8,2,9,0,
3,7,1,6,5,4,8,2,9,0,
3,7,1,6,5,4,8,2,9,0,
3,7,1,6,5,4,8,2,9,0,
3,7,1,6,5,4,8,2,9,0,
3,7,1,6,5,4,8,2,9,0,
3,7,1,6,5,4,8,2,9,0,
3,7,1,6,5,4,8,2,9,0,
3,7,1,6,5,4,8,2,9,0,
3,7,1,6,5,4,8,2,9,0,
3,7,1,6,5,4,8,2,9,0,
3,7,1,6,5,4,8,2,9,0,
3,7,1,6,5,4,8,2,9,0,
3,7,1,6,5,4,8,2,9,0,
3,7,1,6,5,4,8,2,9,0,
3,7,1,6,5,4,8,2,9,0,
3,7,1,6,5,4,8,2,9,0,
3,7,1,6,5,4,8,2,9,0,
3,7,1,6,5,4,8,2,9,0,
3,7,1,6,5,4,8,2,9,0,
3,7,1,6,5,4,8,2,9,0,
3,7,1,6,5,4,8,2,9,0,
3,7,1,6,5,4,8,2,9,0,
3,7,1,6,5,4,8,2,9,0,
3,7,1,6,5,4,8,2,9,0,
3,7,1,6,5,4,8,2,9,0,
3,7,1,6,5,4,8,2,9,0,
3,7,1,6,5,4,8,2,9,0,
3,7,1,6,5,4,8,2,9,0,
3,7,1,6,5,4,8,2,9,0,
3,7,1,6,5,4,8,2,9,0,
3,7,1,6,5,4,8,2,9,0,
3,7,1,6,5,4,8,2,9,0,
3,7,1,6,5,4,8,2,9,0,
3,7,1,6,5,4,8,2,9,0,
3,7,1,6,5,4,8,2,9,0,
3,7,1,6,5,4,8,2,9,0,
3,7,1,6,5,4,8,2,9,0,
3,7,1,6,5,4,8,2,9,0,
3,7,1,6,5,4,8,2,9,0,
3,7,1,6,5,4,8,2,9,0,
3,7,1,6,5,4,8,2,9,0,
3,7,1,6,5,4,8,2,9,0,
3,7,1,6,5,4,8,2,9,0,
3,7,1,6,5,4,8,2,9,0,
3,7,1,6,5,4,8,2,9,0,
3,7,1,6,5,4,8,2,9,0,
3,7,1,6,5,4,8,2,9,0,
3,7,1,6,5,4,8,2,9,0,
3,7,1,6,5,4,8,2,9,0,
3,7,1,6,5,4,8,2,9,0,
3,7,1,6,5,4,8,2,9,0,
3,7,1,6,5,4,8,2,9,0,
3,7,1,6,5,4,8,2,9,0,
3,7,1,6,5,4,8,2,9,0,
3,7,1,6,5,4,8,2,9,0,
3,7,1,6,5,4,8,2,9,0,
3,7,1,6,5,4,8,2,9,0,
3,7,1,6,5,4,8,2,9,0,
3,7,1,6,5,4,8,2,9,0,
3,7,1,6,5,4,8,2,9,0,
3,7,1,6,5,4,8,2,9,0,
3,7,1,6,5,4,8,2,9,0,
3,7,1,6,5,4,8,2,9,0,
3,7,1,6,5,4,8,2,9,0,
3,7,1,6,5,4,8,2,9,0,
3,7,1,6,5,4,8,2,9,0,
3,7,1,6,5,4,8,2,9,0,
3,7,1,6,5,4,8,2,9,0,
3,7,1,6,5,4,8,2,9,0,
3,7,1,6,5,4,8,2,9,0,
3,7,1,6,5,4,8,2,9,0,
3,7,1,6,5,4,8,2,9,0,
3,7,1,6,5,4,8,2,9,0,
3,7,1,6,5,4,8,2,9,0,
3,7,1,6,5,4,8,2,9,0,
3,7,1,6,5,4,8,2,9,0,
3,7,1,6,5,4,8,2,9,0,
3,7,1,6,5,4,8,2,9,0,
3,7,1,6,5,4,8,2,9,0,
3,7,1,6,5,4,8,2,9,0,
3,7,1,6,5,4,8,2,9,0,
3,7,1,6,5,4,8,2,9,0,
3,7,1,6,5,4,8,2,9,0,
3,7,1,6,5,4,8,2,9,0,
3,7,1,6,5,4,8,2,9,0,
3,7,1,6,5,4,8,2,9,0,
3,7,1,6,5,4,8,2,9,0,
3,7,1,6,5,4,8,2,9,0,
3,7,1,6,5,4,8,2,9,0,
3,7,1,6,5,4,8,2,9,0,
3,7,1,6,5,4,8,2,9,0,
3,7,1,6,5,4,8,2,9,0,
3,7,1,6,5,4,8,2,9,0,
3,7,1,6,5,4,8,2,9,0,
3,7,1,6,5,4,8,2,9,0,
3,7,1,6,5,4,8,2,9,0,
3,7,1,6,5,4,8,2,9,0,
3,7,1,6,5,4,8,2,9,0,
3,7,1,6,5,4,8,2,9,0,
3,7,1,6,5,4,8,2,9,0,
3,7,1,6,5,4,8,2,9,0,
3,7,1,6,5,4,8,2,9,0,
3,7,1,6,5,4,8,2,9,0,
3,7,1,6,5,4,8,2,9,0,
3,7,1,6,5,4,8,2,9,0,
3,7,1,6,5,4,8,2,9,0,
3,7,1,6,5,4,8,2,9,0,
3,7,1,6,5,4,8,2,9,0,
3,7,1,6,5,4,8,2,9,0,
3,7,1,6,5,4,8,2,9,0,
3,7,1,6,5,4,8,2,9,0,
3,7,1,6,5,4,8,2,9,0,
3,7,1,6,5,4,8,2,9,0,
3,7,1,6,5,4,8,2,9,0,
3,7,1,6,5,4,8,2,9,0,
3,7,1,6,5,4,8,2,9,0,
3,7,1,6,5,4,8,2,9,0,
3,7,1,6,5,4,8,2,9,0,
3,7,1,6,5,4,8,2,9,0,
3,7,1,6,5,4,8,2,9,0,
3,7,1,6,5,4,8,2,9,0,
3,7,1,6,5,4,8,2,9,0,
3,7,1,6,5,4,8,2,9,0,
3,7,1,6,5,4,8,2,9,0,
3,7,1,6,5,4,8,2,9,0,
3,7,1,6,5,4,8,2,9,0,
3,7,1,6,5,4,8,2,9,0,
3,7,1,6,5,4,8,2,9,0,
3,7,1,6,5,4,8,2,9,0,
3,7,1,6,5,4,8,2,9,0,
3,7,1,6,5,4,8,2,9,0,
3,7,1,6,5,4,8,2,9,0,
3,7,1,6,5,4,8,2,9,0,
3,7,1,6,5,4,8,2,9,0,
3,7,1,6,5,4,8,2,9,0,
3,7,1,6,5,4,8,2,9,0,
3,7,1,6,5,4,8,2,9,0,
3,7,1,6,5,4,8,2,9,0,
3,7,1,6,5,4,8,2,9,0,
3,7,1,6,5,4,8,2,9,0,
3,7,1,6,5,4,8,2,9,0,
3,7,1,6,5,4,8,2,9,0,
3,7,1,6,5,4,8,2,9,0,
3,7,1,6,5,4,8,2,9,0,
3,7,1,6,5,4,8,2,9,0,
3,7,1,6,5,4,8,2,9,0,
3,7,1,6,5,4,8,2,9,0,
3,7,1,6,5,4,8,2,9,0,
3,7,1,6,5,4,8,2,9,0,
3,7,1,6,5,4,8,2,9,0,
3,7,1,6,5,4,8,2,9,0,
3,7,1,6,5,4,8,2,9,0,
3,7,1,6,5,4,8,2,9,0,
3,7,1,6,5,4,8,2,9,0,
3,7,1,6,5,4,8,2,9,0,
3,7,1,6,5,4,8,2,9,0,
3,7,1,6,5,4,8,2,9,0,
3,7,1,6,5,4,8,2,9,0,
3,7,1,6,5,4,8,2,9,0,
3,7,1,6,5,4,8,2,9,0,
3,7,1,6,5,4,8,2,9,0,
3,7,1,6,5,4,8,2,9,0,
3,7,1,6,5,4,8,2,9,0,
3,7,1,6,5,4,8,2,9,0,
3,7,1,6,5,4,8,2,9,0,
3,7,1,6,5,4,8,2,9,0,
3,7,1,6,5,4,8,2,9,0,
3,7,1,6,5,4,8,2,9,0,
3,7,1,6,5,4,8,2,9,0,
3,7,1,6,5,4,8,2,9,0,
3,7,1,6,5,4,8,2,9,0,
3,7,1,6,5,4,8,2,9,0,
3,7,1,6,5,4,8,2,9,0,
3,7,1,6,5,4,8,2,9,0,
3,7,1,6,5,4,8,2,9,0,
3,7,1,6,5,4,8,2,9,0,
3,7,1,6,5,4,8,2,9,0,
3,7,1,6,5,4,8,2,9,0,
3,7,1,6,5,4,8,2,9,0,
3,7,1,6,5,4,8,2,9,0,
3,7,1,6,5,4,8,2,9,0,
3,7,1,6,5,4,8,2,9,0,
3,7,1,6,5,4,8,2,9,0,
3,7,1,6,5,4,8,2,9,0,
3,7,1,6,5,4,8,2,9,0,
3,7,1,6,5,4,8,2,9,0,
3,7,1,6,5,4,8,2,9,0,
3,7,1,6,5,4,8,2,9,0,
3,7,1,6,5,4,8,2,9,0,
3,7,1,6,5,4,8,2,9,0,
3,7,1,6,5,4,8,2,9,0,
3,7,1,6,5,4,8,2,9,0,
3,7,1,6,5,4,8,2,9,0,
3,7,1,6,5,4,8,2,9,0,
3,7,1,6,5,4,8,2,9,0,
3,7,1,6,5,4,8,2,9,0,
3,7,1,6,5,4,8,2,9,0,
3,7,1,6,5,4,8,2,9,0,
3,7,1,6,5,4,8,2,9,0,
3,7,1,6,5,4,8,2,9,0,
3,7,1,6,5,4,8,2,9,0,
3,7,1,6,5,4,8,2,9,0,
3,7,1,6,5,4,8,2,9,0,
3,7,1,6,5,4,8,2,9,0,
3,7,1,6,5,4,8,2,9,0,
3,7,1,6,5,4,8,2,9,0,
3,7,1,6,5,4,8,2,9,0,
3,7,1,6,5,4,8,2,9,0,
3,7,1,6,5,4,8,2,9,0,
3,7,1,6,5,4,8,2,9,0,
3,7,1,6,5,4,8,2,9,0,
3,7,1,6,5,4,8,2,9,0,
3,7,1,6,5,4,8,2,9,0,
3,7,1,6,5,4,8,2,9,0,
3,7,1,6,5,4,8,2,9,0,
3,7,1,6,5,4,8,2,9,0,
3,7,1,6,5,4,8,2,9,0,
3,7,1,6,5,4,8,2,9,0,
3,7,1,6,5,4,8,2,9,0,
3,7,1,6,5,4,8,2,9,0,
3,7,1,6,5,4,8,2,9,0,
3,7,1,6,5,4,8,2,9,0,
3,7,1,6,5,4,8,2,9,0,
3,7,1,6,5,4,8,2,9,0,
3,7,1,6,5,4,8,2,9,0,
3,7,1,6,5,4,8,2,9,0,
3,7,1,6,5,4,8,2,9,0,
3,7,1,6,5,4,8,2,9,0,
3,7,1,6,5,4,8,2,9,0,
3,7,1,6,5,4,8,2,9,0,
3,7,1,6,5,4,8,2,9,0,
3,7,1,6,5,4,8,2,9,0,
3,7,1,6,5,4,8,2,9,0,
3,7,1,6,5,4,8,2,9,0,
3,7,1,6,5,4,8,2,9,0,
3,7,1,6,5,4,8,2,9,0,
3,7,1,6,5,4,8,2,9,0,
3,7,1,6,5,4,8,2,9,0,
3,7,1,6,5,4,8,2,9,0,
3,7,1,6,5,4,8,2,9,0,
3,7,1,6,5,4,8,2,9,0,
3,7,1,6,5,4,8,2,9,0,
3,7,1,6,5,4,8,2,9,0,
3,7,1,6,5,4,8,2,9,0,
3,7,1,6,5,4,8,2,9,0,
3,7,1,6,5,4,8,2,9,0,
3,7,1,6,5,4,8,2,9,0,
3,7,1,6,5,4,8,2,9,0,
3,7,1,6,5,4,8,2,9,0,
3,7,1,6,5,4,8,2,9,0,
3,7,1,6,5,4,8,2,9,0,
3,7,1,6,5,4,8,2,9,0,
3,7,1,6,5,4,8,2,9,0,
3,7,1,6,5,4,8,2,9,0,
3,7,1,6,5,4,8,2,9,0,
3,7,1,6,5,4,8,2,9,0,
3,7,1,6,5,4,8,2,9,0,
3,7,1,6,5,4,8,2,9,0,
3,7,1,6,5,4,8,2,9,0,
3,7,1,6,5,4,8,2,9,0,
3,7,1,6,5,4,8,2,9,0,
3,7,1,6,5,4,8,2,9,0,
3,7,1,6,5,4,8,2,9,0,
3,7,1,6,5,4,8,2,9,0,
