105.0,
101.0,
101.0,
108.0,
102.0,
98.0,
98.0,
104.0,
110.0,
98.0,
105.0,
106.0,
103.0,
101.0,
113.0,
113.0,
113.0,
105.0,
101.0,
104.0,
99.0,
103.0,
100.0,
102.0,
97.0,
106.0,
99.0,
103.0,
98.0,
105.0,
105.0,
109.0,
98.0,
99.0,
97.0,
100.0,
98.0,
107.0,
101.0,
110.0,
101.0,
100.0,
99.0,
99.0,
102.0,
97.0,
100.0,
100.0,
101.0,
102.0,
99.0,
100.0,
101.0,
99.0,
115.0,
107.0,
98.0,
101.0,
101.0,
100.0,
109.0,
102.0,
101.0,
99.0,
106.0,
100.0,
106.0,
100.0,
105.0,
98.0,
101.0,
97.0,
99.0,
101.0,
98.0,
102.0,
100.0,
98.0,
101.0,
99.0,
99.0,
97.0,
98.0,
100.0,
100.0,
102.0,
98.0,
99.0,
109.0,
97.0,
110.0,
99.0,
111.0,
98.0,
101.0,
101.0,
99.0,
102.0,
104.0,
101.0,
105.0,
101.0,
107.0,
105.0,
99.0,
102.0,
106.0,
100.0,
107.0,
101.0,
101.0,
99.0,
100.0,
103.0,
98.0,
99.0,
99.0,
101.0,
103.0,
101.0,
101.0,
101.0,
101.0,
98.0,
101.0,
100.0,
99.0,
99.0,
105.0,
101.0,
100.0,
112.0,
116.0,
106.0,
100.0,
107.0,
108.0,
102.0,
98.0,
98.0,
101.0,
97.0,
105.0,
107.0,
105.0,
103.0,
99.0,
103.0,
117.0,
99.0,
102.0,
101.0,
95.0,
100.0,
99.0,
99.0,
98.0,
101.0,
106.0,
100.0,
101.0,
111.0,
99.0,
106.0,
101.0,
102.0,
98.0,
99.0,
100.0,
97.0,
114.0,
103.0,
98.0,
100.0,
98.0,
99.0,
101.0,
105.0,
104.0,
105.0,
107.0,
106.0,
104.0,
100.0,
101.0,
105.0,
106.0,
104.0,
102.0,
97.0,
102.0,
99.0,
101.0,
98.0,
105.0,
100.0,
100.0,
99.0,
106.0,
102.0,
102.0,
99.0,
106.0,
99.0,
100.0,
104.0,
100.0,
101.0,
98.0,
102.0,
100.0,
117.0,
98.0,
99.0,
98.0,
102.0,
109.0,
101.0,
103.0,
101.0,
98.0,
99.0,
109.0,
102.0,
102.0,
103.0,
101.0,
96.0,
102.0,
100.0,
105.0,
98.0,
98.0,
102.0,
99.0,
104.0,
109.0,
106.0,
99.0,
102.0,
104.0,
98.0,
96.0,
98.0,
99.0,
111.0,
102.0,
100.0,
100.0,
100.0,
104.0,
101.0,
105.0,
107.0,
96.0,
113.0,
101.0,
100.0,
99.0,
99.0,
104.0,
117.0,
101.0,
98.0,
100.0,
99.0,
99.0,
100.0,
105.0,
100.0,
106.0,
99.0,
124.0,
102.0,
98.0,
107.0,
103.0,
113.0,
101.0,
100.0,
97.0,
98.0,
108.0,
99.0,
107.0,
100.0,
106.0,
99.0,
99.0,
101.0,
97.0,
102.0,
98.0,
116.0,
100.0,
103.0,
104.0,
101.0,
100.0,
104.0,
100.0,
111.0,
99.0,
100.0,
99.0,
104.0,
103.0,
96.0,
100.0,
102.0,
105.0,
106.0,
102.0,
99.0,
98.0,
102.0,
99.0,
100.0,
100.0,
104.0,
100.0,
97.0,
100.0,
102.0,
103.0,
102.0,
101.0,
100.0,
99.0,
101.0,
101.0,
98.0,
99.0,
101.0,
98.0,
103.0,
99.0,
103.0,
123.0,
108.0,
102.0,
99.0,
98.0,
100.0,
114.0,
103.0,
99.0,
99.0,
101.0,
105.0,
101.0,
102.0,
98.0,
107.0,
99.0,
101.0,
102.0,
101.0,
99.0,
98.0,
101.0,
101.0,
98.0,
98.0,
101.0,
103.0,
99.0,
101.0,
106.0,
97.0,
112.0,
106.0,
97.0,
101.0,
102.0,
98.0,
101.0,
100.0,
102.0,
99.0,
98.0,
112.0,
99.0,
98.0,
99.0,
97.0,
102.0,
112.0,
98.0,
105.0,
104.0,
99.0,
117.0,
100.0,
104.0,
104.0,
104.0,
103.0,
102.0,
104.0,
103.0,
99.0,
106.0,
102.0,
103.0,
98.0,
102.0,
100.0,
100.0,
100.0,
105.0,
104.0,
98.0,
105.0,
101.0,
113.0,
107.0,
104.0,
110.0,
107.0,
100.0,
98.0,
99.0,
95.0,
99.0,
104.0,
100.0,
97.0,
101.0,
103.0,
100.0,
98.0,
97.0,
105.0,
97.0,
106.0,
98.0,
96.0,
102.0,
113.0,
103.0,
99.0,
102.0,
99.0,
98.0,
99.0,
118.0,
102.0,
97.0,
114.0,
102.0,
105.0,
98.0,
100.0,
100.0,
101.0,
108.0,
100.0,
101.0,
100.0,
98.0,
100.0,
114.0,
97.0,
100.0,
99.0,
100.0,
101.0,
103.0,
98.0,
97.0,
99.0,
101.0,
96.0,
100.0,
100.0,
99.0,
100.0,
114.0,
99.0,
98.0,
98.0,
100.0,
111.0,
100.0,
100.0,
100.0,
102.0,
112.0,
101.0,
102.0,
110.0,
102.0,
108.0,
96.0,
105.0,
102.0,
101.0,
100.0,
103.0,
100.0,
99.0,
101.0,
106.0,
105.0,
99.0,
105.0,
102.0,
100.0,
105.0,
101.0,
101.0,
100.0,
100.0,
101.0,
98.0,
100.0,
99.0,
99.0,
100.0,
97.0,
107.0,
104.0,
99.0,
106.0,
121.0,
99.0,
106.0,
101.0,
104.0,
98.0,
101.0,
98.0,
99.0,
101.0,
100.0,
96.0,
103.0,
109.0,
98.0,
101.0,
100.0,
102.0,
103.0,
99.0,
100.0,
100.0,
102.0,
104.0,
98.0,
99.0,
99.0,
99.0,
99.0,
100.0,
101.0,
100.0,
98.0,
97.0,
99.0,
109.0,
102.0,
103.0,
99.0,
105.0,
102.0,
101.0,
99.0,
97.0,
100.0,
101.0,
101.0,
102.0,
100.0,
98.0,
103.0,
100.0,
101.0,
96.0,
99.0,
96.0,
101.0,
98.0,
102.0,
101.0,
100.0,
114.0,
97.0,
99.0,
97.0,
101.0,
111.0,
100.0,
104.0,
102.0,
100.0,
101.0,
98.0,
98.0,
99.0,
99.0,
108.0,
98.0,
99.0,
100.0,
98.0,
100.0,
100.0,
97.0,
102.0,
98.0,
100.0,
98.0,
99.0,
101.0,
98.0,
101.0,
99.0,
100.0,
99.0,
102.0,
103.0,
99.0,
100.0,
105.0,
103.0,
100.0,
105.0,
102.0,
100.0,
101.0,
99.0,
106.0,
101.0,
102.0,
103.0,
99.0,
113.0,
97.0,
105.0,
98.0,
104.0,
99.0,
102.0,
105.0,
99.0,
98.0,
107.0,
104.0,
99.0,
98.0,
102.0,
101.0,
99.0,
98.0,
100.0,
99.0,
98.0,
99.0,
101.0,
106.0,
107.0,
97.0,
99.0,
111.0,
102.0,
98.0,
103.0,
108.0,
100.0,
98.0,
107.0,
101.0,
101.0,
99.0,
105.0,
122.0,
97.0,
105.0,
97.0,
98.0,
99.0,
104.0,
99.0,
101.0,
100.0,
112.0,
100.0,
104.0,
98.0,
99.0,
100.0,
101.0,
99.0,
99.0,
99.0,
99.0,
111.0,
99.0,
98.0,
99.0,
103.0,
99.0,
103.0,
105.0,
103.0,
100.0,
112.0,
108.0,
95.0,
99.0,
100.0,
99.0,
112.0,
102.0,
98.0,
98.0,
103.0,
110.0,
95.0,
102.0,
100.0,
109.0,
107.0,
100.0,
102.0,
104.0,
106.0,
99.0,
98.0,
98.0,
107.0,
103.0,
103.0,
99.0,
100.0,
100.0,
101.0,
97.0,
98.0,
100.0,
102.0,
104.0,
97.0,
105.0,
107.0,
101.0,
107.0,
102.0,
99.0,
99.0,
100.0,
103.0,
105.0,
98.0,
102.0,
108.0,
111.0,
100.0,
98.0,
99.0,
108.0,
105.0,
103.0,
106.0,
109.0,
105.0,
100.0,
101.0,
107.0,
96.0,
106.0,
102.0,
99.0,
103.0,
101.0,
104.0,
102.0,
101.0,
98.0,
111.0,
100.0,
112.0,
99.0,
100.0,
103.0,
99.0,
100.0,
101.0,
105.0,
100.0,
103.0,
105.0,
99.0,
102.0,
98.0,
99.0,
103.0,
98.0,
101.0,
98.0,
107.0,
112.0,
98.0,
102.0,
100.0,
100.0,
109.0,
99.0,
100.0,
99.0,
101.0,
108.0,
96.0,
97.0,
103.0,
108.0,
101.0,
100.0,
97.0,
100.0,
100.0,
102.0,
98.0,
97.0,
98.0,
100.0,
99.0,
107.0,
99.0,
99.0,
97.0,
111.0,
117.0,
105.0,
101.0,
98.0,
101.0,
98.0,
99.0,
101.0,
97.0,
102.0,
100.0,
100.0,
101.0,
106.0,
104.0,
103.0,
101.0,
102.0,
105.0,
102.0,
103.0,
98.0,
97.0,
100.0,
103.0,
100.0,
99.0,
102.0,
106.0,
104.0,
99.0,
100.0,
103.0,
105.0,
113.0,
101.0,
104.0,
103.0,
108.0,
118.0,
103.0,
106.0,
102.0,
98.0,
100.0,
99.0,
105.0,
100.0,
98.0,
101.0,
108.0,
106.0,
106.0,
99.0,
103.0,
101.0,
104.0,
99.0,
97.0,
100.0,
98.0,
97.0,
108.0,
99.0,
101.0,
112.0,
102.0,
98.0,
100.0,
100.0,
116.0,
104.0,
100.0,
99.0,
102.0,
103.0,
103.0,
99.0,
100.0,
109.0,
98.0,
103.0,
97.0,
101.0,
102.0,
101.0,
101.0,
100.0,
108.0,
103.0,
107.0,
98.0,
103.0,
99.0,
107.0,
107.0,
103.0,
98.0,
100.0,
115.0,
106.0,
100.0,
106.0,
102.0,
111.0,
99.0,
99.0,
113.0,
103.0,
106.0,
98.0,
103.0,
99.0,
101.0,
112.0,
99.0,
99.0,
99.0,
100.0,
103.0,
98.0,
99.0,
102.0,
101.0,
102.0,
101.0,
96.0,
107.0,
102.0,
100.0,
100.0,
102.0,
99.0,
96.0,
105.0,
111.0,
99.0,
113.0,
101.0,
103.0,
100.0,
101.0,
102.0,
97.0,
102.0,
98.0,
111.0,
99.0,
102.0,
108.0,
99.0,
97.0,
100.0,
99.0,
119.0,
101.0,
102.0,
99.0,
105.0,
100.0,
98.0,
101.0,
99.0,
101.0,
103.0,
99.0,
100.0,
