144.0,
132.0,
140.0,
145.0,
126.0,
103.0,
125.0,
107.0,
116.0,
120.0,
140.0,
140.0,
145.0,
165.0,
145.0,
115.0,
129.0,
156.0,
136.0,
137.0,
148.0,
126.0,
98.0,
129.0,
135.0,
122.0,
132.0,
141.0,
142.0,
143.0,
100.0,
112.0,
121.0,
119.0,
122.0,
133.0,
147.0,
144.0,
150.0,
107.0,
114.0,
119.0,
111.0,
123.0,
128.0,
143.0,
150.0,
144.0,
102.0,
112.0,
132.0,
114.0,
123.0,
161.0,
139.0,
142.0,
146.0,
92.0,
113.0,
118.0,
129.0,
119.0,
138.0,
133.0,
138.0,
144.0,
104.0,
111.0,
114.0,
123.0,
118.0,
138.0,
140.0,
148.0,
139.0,
92.0,
114.0,
115.0,
116.0,
134.0,
150.0,
140.0,
152.0,
132.0,
93.0,
139.0,
117.0,
123.0,
128.0,
140.0,
149.0,
149.0,
110.0,
102.0,
127.0,
148.0,
122.0,
131.0,
153.0,
138.0,
154.0,
99.0,
109.0,
121.0,
114.0,
120.0,
135.0,
141.0,
141.0,
149.0,
126.0,
107.0,
114.0,
115.0,
120.0,
164.0,
140.0,
141.0,
141.0,
102.0,
113.0,
126.0,
112.0,
121.0,
148.0,
136.0,
145.0,
149.0,
95.0,
107.0,
132.0,
112.0,
133.0,
134.0,
139.0,
150.0,
132.0,
101.0,
113.0,
125.0,
114.0,
122.0,
134.0,
144.0,
145.0,
147.0,
93.0,
122.0,
147.0,
142.0,
130.0,
148.0,
150.0,
146.0,
112.0,
108.0,
119.0,
113.0,
120.0,
126.0,
136.0,
132.0,
149.0,
123.0,
102.0,
121.0,
111.0,
124.0,
138.0,
134.0,
139.0,
151.0,
119.0,
93.0,
140.0,
111.0,
119.0,
127.0,
146.0,
142.0,
148.0,
120.0,
107.0,
125.0,
146.0,
124.0,
156.0,
134.0,
145.0,
135.0,
100.0,
114.0,
114.0,
110.0,
162.0,
132.0,
147.0,
145.0,
142.0,
92.0,
138.0,
108.0,
118.0,
120.0,
153.0,
142.0,
147.0,
124.0,
120.0,
110.0,
112.0,
117.0,
157.0,
139.0,
144.0,
146.0,
101.0,
112.0,
119.0,
112.0,
126.0,
139.0,
141.0,
143.0,
146.0,
99.0,
109.0,
134.0,
118.0,
152.0,
135.0,
142.0,
137.0,
134.0,
97.0,
143.0,
125.0,
125.0,
136.0,
133.0,
141.0,
152.0,
111.0,
111.0,
128.0,
114.0,
125.0,
136.0,
150.0,
141.0,
144.0,
99.0,
114.0,
137.0,
118.0,
119.0,
147.0,
143.0,
149.0,
140.0,
113.0,
125.0,
110.0,
119.0,
135.0,
132.0,
146.0,
147.0,
115.0,
101.0,
122.0,
107.0,
119.0,
122.0,
135.0,
143.0,
142.0,
140.0,
92.0,
122.0,
118.0,
120.0,
125.0,
137.0,
141.0,
146.0,
129.0,
107.0,
143.0,
149.0,
121.0,
165.0,
136.0,
143.0,
135.0,
90.0,
129.0,
125.0,
124.0,
129.0,
135.0,
143.0,
146.0,
127.0,
105.0,
126.0,
122.0,
124.0,
134.0,
152.0,
142.0,
145.0,
100.0,
109.0,
113.0,
108.0,
119.0,
117.0,
131.0,
145.0,
146.0,
131.0,
97.0,
123.0,
119.0,
130.0,
131.0,
139.0,
140.0,
147.0,
107.0,
132.0,
120.0,
114.0,
121.0,
133.0,
139.0,
141.0,
148.0,
106.0,
108.0,
117.0,
110.0,
118.0,
126.0,
137.0,
147.0,
148.0,
120.0,
105.0,
136.0,
126.0,
119.0,
134.0,
140.0,
138.0,
166.0,
103.0,
104.0,
117.0,
115.0,
122.0,
133.0,
138.0,
149.0,
124.0,
127.0,
115.0,
128.0,
116.0,
120.0,
144.0,
141.0,
144.0,
138.0,
102.0,
110.0,
111.0,
116.0,
122.0,
133.0,
140.0,
141.0,
144.0,
109.0,
102.0,
123.0,
112.0,
122.0,
125.0,
133.0,
149.0,
148.0,
120.0,
104.0,
148.0,
113.0,
122.0,
130.0,
142.0,
142.0,
147.0,
104.0,
114.0,
138.0,
124.0,
129.0,
127.0,
137.0,
138.0,
146.0,
92.0,
108.0,
167.0,
121.0,
146.0,
143.0,
148.0,
147.0,
114.0,
109.0,
116.0,
115.0,
132.0,
133.0,
142.0,
141.0,
149.0,
110.0,
105.0,
120.0,
124.0,
124.0,
130.0,
144.0,
125.0,
131.0,
115.0,
95.0,
125.0,
105.0,
118.0,
137.0,
143.0,
149.0,
108.0,
121.0,
120.0,
140.0,
116.0,
128.0,
124.0,
128.0,
119.0,
98.0,
78.0,
77.0,
115.0,
133.0,
122.0,
133.0,
135.0,
144.0,
147.0,
107.0,
114.0,
120.0,
112.0,
144.0,
130.0,
141.0,
144.0,
151.0,
92.0,
124.0,
134.0,
106.0,
120.0,
132.0,
135.0,
151.0,
154.0,
106.0,
111.0,
111.0,
110.0,
121.0,
126.0,
134.0,
143.0,
144.0,
124.0,
105.0,
121.0,
110.0,
122.0,
120.0,
130.0,
143.0,
143.0,
138.0,
92.0,
122.0,
117.0,
118.0,
116.0,
140.0,
141.0,
147.0,
137.0,
92.0,
134.0,
120.0,
127.0,
123.0,
132.0,
152.0,
152.0,
121.0,
104.0,
123.0,
117.0,
124.0,
146.0,
138.0,
144.0,
150.0,
106.0,
107.0,
123.0,
111.0,
127.0,
137.0,
139.0,
141.0,
147.0,
102.0,
115.0,
120.0,
112.0,
125.0,
128.0,
147.0,
139.0,
140.0,
102.0,
119.0,
114.0,
122.0,
130.0,
133.0,
140.0,
141.0,
145.0,
95.0,
114.0,
123.0,
111.0,
128.0,
131.0,
139.0,
143.0,
144.0,
111.0,
113.0,
131.0,
117.0,
125.0,
133.0,
135.0,
146.0,
149.0,
97.0,
130.0,
174.0,
123.0,
164.0,
140.0,
153.0,
149.0,
91.0,
113.0,
129.0,
152.0,
141.0,
137.0,
138.0,
165.0,
103.0,
113.0,
115.0,
110.0,
132.0,
130.0,
142.0,
139.0,
148.0,
113.0,
106.0,
118.0,
112.0,
131.0,
132.0,
143.0,
152.0,
148.0,
103.0,
116.0,
177.0,
120.0,
121.0,
128.0,
148.0,
146.0,
133.0,
101.0,
144.0,
127.0,
150.0,
153.0,
139.0,
147.0,
136.0,
95.0,
120.0,
122.0,
120.0,
141.0,
134.0,
143.0,
147.0,
121.0,
105.0,
124.0,
117.0,
118.0,
129.0,
138.0,
147.0,
150.0,
111.0,
112.0,
124.0,
108.0,
122.0,
142.0,
137.0,
135.0,
147.0,
109.0,
111.0,
113.0,
108.0,
138.0,
132.0,
139.0,
143.0,
149.0,
101.0,
114.0,
113.0,
113.0,
123.0,
136.0,
150.0,
140.0,
141.0,
100.0,
107.0,
122.0,
121.0,
120.0,
133.0,
136.0,
148.0,
151.0,
108.0,
120.0,
111.0,
110.0,
140.0,
133.0,
134.0,
126.0,
125.0,
125.0,
104.0,
119.0,
134.0,
126.0,
130.0,
148.0,
145.0,
145.0,
127.0,
113.0,
136.0,
112.0,
119.0,
154.0,
140.0,
143.0,
146.0,
94.0,
119.0,
122.0,
109.0,
122.0,
137.0,
146.0,
143.0,
150.0,
89.0,
110.0,
150.0,
126.0,
121.0,
138.0,
140.0,
145.0,
132.0,
111.0,
127.0,
119.0,
123.0,
130.0,
135.0,
170.0,
204.0,
93.0,
123.0,
132.0,
137.0,
136.0,
136.0,
146.0,
148.0,
112.0,
103.0,
118.0,
109.0,
123.0,
127.0,
131.0,
142.0,
145.0,
126.0,
97.0,
134.0,
104.0,
118.0,
131.0,
137.0,
141.0,
155.0,
113.0,
105.0,
126.0,
140.0,
130.0,
163.0,
140.0,
144.0,
127.0,
99.0,
113.0,
123.0,
113.0,
122.0,
132.0,
137.0,
157.0,
145.0,
100.0,
112.0,
114.0,
122.0,
122.0,
129.0,
138.0,
141.0,
152.0,
102.0,
110.0,
111.0,
136.0,
131.0,
134.0,
155.0,
145.0,
127.0,
102.0,
115.0,
114.0,
114.0,
133.0,
131.0,
140.0,
138.0,
149.0,
111.0,
112.0,
120.0,
112.0,
145.0,
130.0,
148.0,
138.0,
147.0,
95.0,
110.0,
126.0,
138.0,
122.0,
133.0,
162.0,
145.0,
125.0,
97.0,
135.0,
108.0,
121.0,
121.0,
131.0,
142.0,
148.0,
126.0,
94.0,
116.0,
120.0,
138.0,
154.0,
128.0,
135.0,
145.0,
124.0,
92.0,
121.0,
128.0,
118.0,
119.0,
134.0,
141.0,
141.0,
146.0,
94.0,
117.0,
126.0,
123.0,
121.0,
128.0,
125.0,
163.0,
134.0,
91.0,
123.0,
127.0,
120.0,
123.0,
135.0,
145.0,
151.0,
132.0,
96.0,
131.0,
108.0,
119.0,
130.0,
133.0,
155.0,
150.0,
115.0,
109.0,
176.0,
119.0,
124.0,
152.0,
140.0,
145.0,
138.0,
93.0,
125.0,
127.0,
122.0,
125.0,
153.0,
136.0,
147.0,
121.0,
100.0,
135.0,
111.0,
122.0,
121.0,
138.0,
142.0,
148.0,
121.0,
94.0,
157.0,
174.0,
116.0,
132.0,
142.0,
135.0,
134.0,
101.0,
128.0,
134.0,
116.0,
126.0,
136.0,
144.0,
146.0,
142.0,
93.0,
124.0,
128.0,
124.0,
124.0,
138.0,
142.0,
155.0,
120.0,
104.0,
125.0,
116.0,
122.0,
127.0,
130.0,
142.0,
139.0,
133.0,
91.0,
120.0,
140.0,
122.0,
122.0,
135.0,
142.0,
145.0,
130.0,
101.0,
130.0,
123.0,
137.0,
135.0,
138.0,
135.0,
141.0,
118.0,
118.0,
147.0,
141.0,
121.0,
137.0,
154.0,
135.0,
139.0,
113.0,
124.0,
120.0,
138.0,
133.0,
145.0,
149.0,
147.0,
100.0,
113.0,
116.0,
173.0,
119.0,
147.0,
151.0,
147.0,
118.0,
136.0,
126.0,
111.0,
125.0,
133.0,
142.0,
136.0,
146.0,
104.0,
109.0,
115.0,
110.0,
119.0,
147.0,
145.0,
146.0,
148.0,
107.0,
114.0,
116.0,
117.0,
146.0,
134.0,
137.0,
