83.0,
89.0,
96.0,
98.0,
109.0,
107.0,
113.0,
64.0,
72.0,
68.0,
90.0,
76.0,
77.0,
83.0,
86.0,
89.0,
89.0,
97.0,
98.0,
111.0,
111.0,
57.0,
74.0,
90.0,
94.0,
86.0,
83.0,
80.0,
93.0,
93.0,
87.0,
98.0,
100.0,
112.0,
81.0,
66.0,
75.0,
107.0,
97.0,
74.0,
84.0,
96.0,
87.0,
93.0,
97.0,
100.0,
99.0,
97.0,
55.0,
77.0,
98.0,
74.0,
87.0,
75.0,
83.0,
87.0,
89.0,
96.0,
94.0,
93.0,
92.0,
94.0,
85.0,
68.0,
107.0,
95.0,
90.0,
95.0,
84.0,
86.0,
92.0,
106.0,
112.0,
109.0,
113.0,
54.0,
68.0,
76.0,
95.0,
84.0,
79.0,
117.0,
103.0,
93.0,
106.0,
121.0,
107.0,
111.0,
59.0,
74.0,
76.0,
86.0,
86.0,
74.0,
84.0,
88.0,
86.0,
98.0,
99.0,
99.0,
101.0,
109.0,
54.0,
67.0,
82.0,
90.0,
118.0,
84.0,
79.0,
104.0,
93.0,
98.0,
98.0,
103.0,
112.0,
81.0,
64.0,
78.0,
87.0,
72.0,
75.0,
91.0,
82.0,
86.0,
89.0,
109.0,
106.0,
107.0,
114.0,
55.0,
70.0,
77.0,
135.0,
94.0,
91.0,
84.0,
91.0,
128.0,
103.0,
109.0,
110.0,
82.0,
55.0,
78.0,
87.0,
69.0,
118.0,
91.0,
79.0,
88.0,
107.0,
97.0,
95.0,
108.0,
116.0,
61.0,
74.0,
74.0,
82.0,
113.0,
85.0,
100.0,
90.0,
92.0,
99.0,
108.0,
113.0,
105.0,
88.0,
78.0,
82.0,
64.0,
89.0,
75.0,
104.0,
91.0,
89.0,
90.0,
97.0,
93.0,
103.0,
104.0,
61.0,
78.0,
85.0,
71.0,
83.0,
74.0,
90.0,
81.0,
87.0,
86.0,
105.0,
97.0,
110.0,
110.0,
67.0,
84.0,
75.0,
91.0,
84.0,
77.0,
87.0,
84.0,
90.0,
93.0,
98.0,
99.0,
109.0,
115.0,
54.0,
73.0,
74.0,
90.0,
86.0,
82.0,
78.0,
91.0,
90.0,
99.0,
99.0,
103.0,
99.0,
94.0,
81.0,
75.0,
78.0,
81.0,
82.0,
76.0,
102.0,
91.0,
101.0,
102.0,
94.0,
94.0,
94.0,
99.0,
89.0,
78.0,
80.0,
66.0,
85.0,
91.0,
79.0,
91.0,
96.0,
90.0,
96.0,
106.0,
108.0,
86.0,
66.0,
78.0,
104.0,
79.0,
79.0,
88.0,
83.0,
88.0,
103.0,
98.0,
98.0,
100.0,
102.0,
86.0,
79.0,
75.0,
98.0,
85.0,
85.0,
80.0,
90.0,
96.0,
100.0,
107.0,
102.0,
106.0,
72.0,
66.0,
75.0,
84.0,
72.0,
90.0,
91.0,
78.0,
87.0,
93.0,
99.0,
107.0,
115.0,
111.0,
84.0,
78.0,
81.0,
89.0,
83.0,
114.0,
81.0,
92.0,
96.0,
111.0,
95.0,
110.0,
102.0,
63.0,
70.0,
75.0,
122.0,
133.0,
114.0,
94.0,
89.0,
104.0,
97.0,
109.0,
112.0,
62.0,
65.0,
77.0,
79.0,
121.0,
82.0,
90.0,
128.0,
91.0,
97.0,
128.0,
109.0,
111.0,
55.0,
75.0,
72.0,
79.0,
78.0,
79.0,
91.0,
77.0,
86.0,
89.0,
97.0,
98.0,
101.0,
94.0,
94.0,
79.0,
82.0,
87.0,
92.0,
92.0,
91.0,
85.0,
103.0,
92.0,
97.0,
101.0,
106.0,
95.0,
100.0,
78.0,
95.0,
93.0,
86.0,
84.0,
91.0,
86.0,
93.0,
100.0,
110.0,
110.0,
100.0,
54.0,
110.0,
94.0,
92.0,
99.0,
92.0,
92.0,
92.0,
99.0,
100.0,
98.0,
110.0,
89.0,
60.0,
80.0,
87.0,
105.0,
117.0,
78.0,
91.0,
92.0,
97.0,
113.0,
106.0,
109.0,
72.0,
65.0,
75.0,
84.0,
89.0,
117.0,
88.0,
85.0,
85.0,
93.0,
100.0,
102.0,
127.0,
106.0,
54.0,
78.0,
76.0,
94.0,
101.0,
110.0,
81.0,
88.0,
96.0,
97.0,
94.0,
107.0,
108.0,
71.0,
70.0,
74.0,
84.0,
75.0,
73.0,
91.0,
83.0,
90.0,
88.0,
97.0,
98.0,
105.0,
111.0,
71.0,
69.0,
74.0,
92.0,
102.0,
101.0,
97.0,
89.0,
106.0,
101.0,
119.0,
95.0,
108.0,
87.0,
75.0,
80.0,
86.0,
78.0,
86.0,
77.0,
92.0,
93.0,
97.0,
108.0,
109.0,
104.0,
68.0,
66.0,
78.0,
103.0,
92.0,
92.0,
102.0,
87.0,
93.0,
98.0,
98.0,
102.0,
104.0,
72.0,
65.0,
76.0,
83.0,
94.0,
76.0,
114.0,
91.0,
93.0,
94.0,
94.0,
94.0,
93.0,
92.0,
89.0,
100.0,
75.0,
71.0,
81.0,
70.0,
90.0,
78.0,
89.0,
91.0,
97.0,
107.0,
109.0,
110.0,
65.0,
68.0,
74.0,
87.0,
69.0,
94.0,
169.0,
90.0,
94.0,
98.0,
99.0,
108.0,
110.0,
91.0,
76.0,
84.0,
93.0,
76.0,
88.0,
82.0,
90.0,
90.0,
98.0,
98.0,
121.0,
102.0,
70.0,
65.0,
77.0,
87.0,
84.0,
75.0,
97.0,
77.0,
89.0,
95.0,
110.0,
96.0,
101.0,
107.0,
72.0,
66.0,
83.0,
84.0,
66.0,
86.0,
86.0,
78.0,
92.0,
99.0,
102.0,
135.0,
111.0,
88.0,
72.0,
72.0,
91.0,
89.0,
89.0,
72.0,
91.0,
82.0,
90.0,
94.0,
99.0,
107.0,
100.0,
113.0,
61.0,
74.0,
77.0,
82.0,
87.0,
75.0,
85.0,
89.0,
87.0,
89.0,
97.0,
95.0,
108.0,
106.0,
77.0,
64.0,
79.0,
94.0,
77.0,
84.0,
88.0,
95.0,
94.0,
95.0,
99.0,
102.0,
105.0,
100.0,
54.0,
72.0,
76.0,
82.0,
84.0,
98.0,
92.0,
93.0,
93.0,
98.0,
107.0,
108.0,
111.0,
82.0,
65.0,
76.0,
89.0,
83.0,
84.0,
91.0,
81.0,
88.0,
93.0,
103.0,
115.0,
109.0,
112.0,
55.0,
74.0,
73.0,
83.0,
79.0,
95.0,
87.0,
89.0,
83.0,
110.0,
98.0,
104.0,
111.0,
91.0,
57.0,
79.0,
79.0,
97.0,
81.0,
107.0,
83.0,
90.0,
98.0,
97.0,
102.0,
114.0,
107.0,
55.0,
74.0,
74.0,
83.0,
111.0,
96.0,
82.0,
89.0,
93.0,
94.0,
101.0,
102.0,
110.0,
83.0,
54.0,
74.0,
77.0,
95.0,
94.0,
90.0,
79.0,
89.0,
91.0,
96.0,
94.0,
94.0,
94.0,
96.0,
86.0,
77.0,
83.0,
71.0,
89.0,
75.0,
86.0,
91.0,
88.0,
99.0,
117.0,
105.0,
106.0,
83.0,
55.0,
78.0,
70.0,
86.0,
84.0,
78.0,
85.0,
86.0,
92.0,
97.0,
109.0,
94.0,
94.0,
109.0,
54.0,
80.0,
81.0,
95.0,
93.0,
86.0,
80.0,
89.0,
98.0,
94.0,
96.0,
104.0,
108.0,
78.0,
65.0,
79.0,
98.0,
77.0,
76.0,
87.0,
101.0,
92.0,
93.0,
97.0,
108.0,
108.0,
96.0,
54.0,
76.0,
78.0,
96.0,
83.0,
87.0,
84.0,
90.0,
89.0,
93.0,
114.0,
88.0,
98.0,
105.0,
66.0,
75.0,
106.0,
96.0,
86.0,
85.0,
87.0,
88.0,
93.0,
99.0,
107.0,
107.0,
91.0,
75.0,
88.0,
84.0,
74.0,
97.0,
84.0,
87.0,
85.0,
100.0,
99.0,
97.0,
110.0,
109.0,
56.0,
67.0,
79.0,
96.0,
74.0,
74.0,
93.0,
81.0,
95.0,
87.0,
99.0,
96.0,
111.0,
105.0,
61.0,
70.0,
70.0,
100.0,
80.0,
74.0,
87.0,
106.0,
88.0,
93.0,
98.0,
117.0,
108.0,
100.0,
65.0,
81.0,
81.0,
85.0,
77.0,
108.0,
96.0,
89.0,
97.0,
99.0,
103.0,
109.0,
117.0,
71.0,
71.0,
91.0,
90.0,
87.0,
77.0,
91.0,
91.0,
96.0,
97.0,
102.0,
108.0,
92.0,
54.0,
67.0,
73.0,
85.0,
110.0,
76.0,
88.0,
89.0,
85.0,
89.0,
99.0,
113.0,
105.0,
104.0,
61.0,
65.0,
76.0,
88.0,
88.0,
77.0,
90.0,
80.0,
114.0,
95.0,
98.0,
107.0,
115.0,
96.0,
54.0,
107.0,
97.0,
84.0,
76.0,
87.0,
85.0,
87.0,
93.0,
95.0,
94.0,
112.0,
110.0,
75.0,
66.0,
87.0,
89.0,
88.0,
78.0,
89.0,
82.0,
108.0,
89.0,
106.0,
97.0,
108.0,
105.0,
72.0,
78.0,
105.0,
89.0,
98.0,
80.0,
92.0,
92.0,
104.0,
95.0,
116.0,
108.0,
86.0,
54.0,
78.0,
80.0,
107.0,
125.0,
83.0,
107.0,
96.0,
99.0,
99.0,
102.0,
110.0,
73.0,
58.0,
77.0,
76.0,
88.0,
83.0,
85.0,
79.0,
92.0,
98.0,
94.0,
99.0,
101.0,
106.0,
86.0,
57.0,
78.0,
86.0,
72.0,
88.0,
85.0,
76.0,
91.0,
92.0,
94.0,
95.0,
100.0,
106.0,
94.0,
57.0,
75.0,
78.0,
78.0,
86.0,
85.0,
81.0,
90.0,
94.0,
94.0,
92.0,
94.0,
94.0,
92.0,
97.0,
80.0,
74.0,
97.0,
111.0,
91.0,
81.0,
99.0,
97.0,
94.0,
100.0,
94.0,
94.0,
89.0,
66.0,
77.0,
86.0,
84.0,
74.0,
108.0,
93.0,
106.0,
92.0,
97.0,
101.0,
116.0,
96.0,
56.0,
78.0,
81.0,
86.0,
85.0,
86.0,
79.0,
91.0,
89.0,
89.0,
99.0,
101.0,
106.0,
100.0,
74.0,
78.0,
83.0,
90.0,
94.0,
